dataset,formula_variant,site_branch,interaction_branch,model_id,model_class,model_block,model_family,latency_type,fit_engine,is_cure_model,matched_nocure_model_id,fit_status,prediction_status,overall_status,fit_component_success,prediction_component_success,convergence_code,has_converged_solution,optimizer_method,fit_source,fit_cache_validation,loglik,fit_message,prediction_message,message,error_message,fit_warning_count,fit_warning_message,prediction_warning_count,prediction_warning_message,warning_count,warning_message,warning_count_total,fit_elapsed_sec,prediction_elapsed_sec,elapsed_sec,prediction_rows,expected_prediction_rows,saved_rds_file,n,n_transition,n_right_censor,n_remission,incidence_rhs,latency_rhs,stage6_join_key,stage6__dataset_key,stage6__source_dataset,stage6__analysis_variant,stage6__final_decision_flag,stage6__carry_forward_stage7,stage6__carry_forward_stage8,stage6__screening_repeated_in_stage8,stage6__presence_evidence_label,stage6__followup_evidence_label,stage6__screening_note,stage6_flag_joined
PNU,benchmark,benchmark,benchmark,benchmark_km,km_benchmark,benchmark,km,benchmark,survfit,FALSE,NA,ok,ok,ok,TRUE,TRUE,0,TRUE,survfit,fitted_new,new_fit,NA,survfit,benchmark_prediction,survfit,NA,0,NA,0,NA,0,NA,0,0.04279494285583496,0.06236410140991211,0.10515904426574708,540,540,C:/Users/clair/Dropbox/Data Analysis/STAGE7/stage7_run__2026-03-24_shard50_auto20_v1__00009fe20000/_common/stage7_fit__PNU__benchmark__benchmark_km.rds,54,12,29,13,NA,NA,PNU,NA,NA,NA,NA,NA,NA,NA,NA,NA,Stage 6 carry-forward was not joined in this refresh run.,FALSE
PNU,base,site_free,no_age_sex_interaction,nocure_exp,no_cure,no_cure_anchor,exp,parametric_aft,custom_mle,FALSE,NA,ok,ok,ok,TRUE,TRUE,0,TRUE,BFGS,fitted_new,new_fit,-28.930367157957992,NA,prediction_ok,NA,NA,0,NA,0,NA,0,NA,0,0.1929759979248047,0.05032086372375488,0.24329686164855957,540,540,C:/Users/clair/Dropbox/Data Analysis/STAGE7/stage7_run__2026-03-24_shard50_auto20_v1__00009fe20000/_common/stage7_fit__PNU__base__nocure_exp.rds,54,12,29,13,age_s + sex_num,age_s + sex_num,PNU,NA,NA,NA,NA,NA,NA,NA,NA,NA,Stage 6 carry-forward was not joined in this refresh run.,FALSE
PNU,base,site_free,no_age_sex_interaction,nocure_weibull,no_cure,no_cure_anchor,weibull,parametric_aft,custom_mle,FALSE,NA,ok,ok,ok,TRUE,TRUE,0,TRUE,BFGS,fitted_new,new_fit,-27.98608244651252,NA,prediction_ok,NA,NA,0,NA,0,NA,0,NA,0,0.13357996940612793,0.03172492980957031,0.16530489921569824,540,540,C:/Users/clair/Dropbox/Data Analysis/STAGE7/stage7_run__2026-03-24_shard50_auto20_v1__00009fe20000/_common/stage7_fit__PNU__base__nocure_weibull.rds,54,12,29,13,age_s + sex_num,age_s + sex_num,PNU,NA,NA,NA,NA,NA,NA,NA,NA,NA,Stage 6 carry-forward was not joined in this refresh run.,FALSE
PNU,base,site_free,no_age_sex_interaction,nocure_lnorm,no_cure,no_cure_anchor,lnorm,parametric_aft,custom_mle,FALSE,NA,ok,ok,ok,TRUE,TRUE,0,TRUE,BFGS,fitted_new,new_fit,-27.94893674775493,NA,prediction_ok,NA,NA,0,NA,0,NA,0,NA,0,0.18270611763000488,0.03501391410827637,0.21772003173828125,540,540,C:/Users/clair/Dropbox/Data Analysis/STAGE7/stage7_run__2026-03-24_shard50_auto20_v1__00009fe20000/_common/stage7_fit__PNU__base__nocure_lnorm.rds,54,12,29,13,age_s + sex_num,age_s + sex_num,PNU,NA,NA,NA,NA,NA,NA,NA,NA,NA,Stage 6 carry-forward was not joined in this refresh run.,FALSE
PNU,base,site_free,no_age_sex_interaction,nocure_llogis,no_cure,no_cure_anchor,llogis,parametric_aft,custom_mle,FALSE,NA,ok,ok,ok,TRUE,TRUE,0,TRUE,BFGS,fitted_new,new_fit,-28.106680778152896,NA,prediction_ok,NA,NA,0,NA,0,NA,0,NA,0,0.12667417526245117,0.0330209732055664,0.15969514846801758,540,540,C:/Users/clair/Dropbox/Data Analysis/STAGE7/stage7_run__2026-03-24_shard50_auto20_v1__00009fe20000/_common/stage7_fit__PNU__base__nocure_llogis.rds,54,12,29,13,age_s + sex_num,age_s + sex_num,PNU,NA,NA,NA,NA,NA,NA,NA,NA,NA,Stage 6 carry-forward was not joined in this refresh run.,FALSE
PNU,base,site_free,no_age_sex_interaction,nocure_coxph,no_cure,no_cure_anchor,coxph,cox_ph,survival::coxph,FALSE,NA,ok,ok,ok,TRUE,TRUE,0,TRUE,coxph,fitted_new,new_fit,-42.314673645105984,coxph,prediction_ok,coxph,NA,0,NA,0,NA,0,NA,0,0.00987482070922851,0.08574414253234863,0.09561896324157716,540,540,C:/Users/clair/Dropbox/Data Analysis/STAGE7/stage7_run__2026-03-24_shard50_auto20_v1__00009fe20000/_common/stage7_fit__PNU__base__nocure_coxph.rds,54,12,29,13,age_s + sex_num,age_s + sex_num,PNU,NA,NA,NA,NA,NA,NA,NA,NA,NA,Stage 6 carry-forward was not joined in this refresh run.,FALSE
PNU,base,site_free,no_age_sex_interaction,cure_exp,parametric_mixture_cure,frequentist_cure_main,exp,parametric_aft,custom_mle,TRUE,nocure_exp,ok,ok,ok,TRUE,TRUE,0,TRUE,BFGS,fitted_new,new_fit,-27.45842733222396,NA,prediction_ok,NA,NA,0,NA,0,NA,0,NA,0,0.5741689205169678,0.05227494239807129,0.6264438629150391,540,540,C:/Users/clair/Dropbox/Data Analysis/STAGE7/stage7_run__2026-03-24_shard50_auto20_v1__00009fe20000/_common/stage7_fit__PNU__base__cure_exp.rds,54,12,29,13,age_s + sex_num,age_s + sex_num,PNU,NA,NA,NA,NA,NA,NA,NA,NA,NA,Stage 6 carry-forward was not joined in this refresh run.,FALSE
PNU,base,site_free,no_age_sex_interaction,cure_weibull,parametric_mixture_cure,frequentist_cure_main,weibull,parametric_aft,custom_mle,TRUE,nocure_weibull,ok,ok,ok,TRUE,TRUE,0,TRUE,BFGS,fitted_new,new_fit,-27.39162099464314,NA,prediction_ok,NA,NA,0,NA,0,NA,0,NA,0,0.619873046875,0.03971505165100098,0.659588098526001,540,540,C:/Users/clair/Dropbox/Data Analysis/STAGE7/stage7_run__2026-03-24_shard50_auto20_v1__00009fe20000/_common/stage7_fit__PNU__base__cure_weibull.rds,54,12,29,13,age_s + sex_num,age_s + sex_num,PNU,NA,NA,NA,NA,NA,NA,NA,NA,NA,Stage 6 carry-forward was not joined in this refresh run.,FALSE
PNU,base,site_free,no_age_sex_interaction,cure_lnorm,parametric_mixture_cure,frequentist_cure_main,lnorm,parametric_aft,custom_mle,TRUE,nocure_lnorm,ok,ok,ok,TRUE,TRUE,0,TRUE,BFGS,fitted_new,new_fit,-26.678635854084295,NA,prediction_ok,NA,NA,0,NA,0,NA,0,NA,0,0.7158379554748535,0.0356299877166748,0.7514679431915283,540,540,C:/Users/clair/Dropbox/Data Analysis/STAGE7/stage7_run__2026-03-24_shard50_auto20_v1__00009fe20000/_common/stage7_fit__PNU__base__cure_lnorm.rds,54,12,29,13,age_s + sex_num,age_s + sex_num,PNU,NA,NA,NA,NA,NA,NA,NA,NA,NA,Stage 6 carry-forward was not joined in this refresh run.,FALSE
PNU,base,site_free,no_age_sex_interaction,cure_llogis,parametric_mixture_cure,frequentist_cure_main,llogis,parametric_aft,custom_mle,TRUE,nocure_llogis,ok,ok,ok,TRUE,TRUE,0,TRUE,BFGS,fitted_new,new_fit,-27.144505204877973,NA,prediction_ok,NA,NA,0,NA,0,NA,0,NA,0,0.6427700519561768,0.03260684013366699,0.67537689208984375,540,540,C:/Users/clair/Dropbox/Data Analysis/STAGE7/stage7_run__2026-03-24_shard50_auto20_v1__00009fe20000/_common/stage7_fit__PNU__base__cure_llogis.rds,54,12,29,13,age_s + sex_num,age_s + sex_num,PNU,NA,NA,NA,NA,NA,NA,NA,NA,NA,Stage 6 carry-forward was not joined in this refresh run.,FALSE
PNU,base,site_free,no_age_sex_interaction,cure_coxlatency,semiparametric_cox_latency_cure,frequentist_cure_main,coxph,cox_ph,smcure,TRUE,nocure_coxph,ok,ok,ok,TRUE,TRUE,0,TRUE,smcure_ph,fitted_new,new_fit,NA,smcure_ph,prediction_ok,smcure_ph,NA,0,NA,0,NA,0,NA,0,0.24723100662231445,0.11455202102661131,0.3617830276489258,540,540,C:/Users/clair/Dropbox/Data Analysis/STAGE7/stage7_run__2026-03-24_shard50_auto20_v1__00009fe20000/_common/stage7_fit__PNU__base__cure_coxlatency.rds,54,12,29,13,age_s + sex_num,age_s + sex_num,PNU,NA,NA,NA,NA,NA,NA,NA,NA,NA,Stage 6 carry-forward was not joined in this refresh run.,FALSE
PNU,base,site_free,no_age_sex_interaction,cure_aft_sensitivity,aft_latency_cure_sensitivity,frequentist_cure_sensitivity,aft,aft_semiparametric,smcure,TRUE,NA,ok,ok,ok,TRUE,TRUE,0,TRUE,smcure_aft,fitted_new,new_fit,NA,smcure_aft,prediction_ok,smcure_aft,NA,0,NA,0,NA,0,NA,0,4.31825590133667,0.03977608680725098,4.358031988143921,540,540,C:/Users/clair/Dropbox/Data Analysis/STAGE7/stage7_run__2026-03-24_shard50_auto20_v1__00009fe20000/_common/stage7_fit__PNU__base__cure_aft_sensitivity.rds,54,12,29,13,age_s + sex_num,age_s + sex_num,PNU,NA,NA,NA,NA,NA,NA,NA,NA,NA,Stage 6 carry-forward was not joined in this refresh run.,FALSE
PNU,interaction,site_free,age_sex_interaction,nocure_exp,no_cure,no_cure_anchor,exp,parametric_aft,custom_mle,FALSE,NA,ok,ok,ok,TRUE,TRUE,0,TRUE,BFGS,fitted_new,new_fit,-28.365605104448193,NA,prediction_ok,NA,NA,0,NA,0,NA,0,NA,0,0.11026310920715332,0.0241701602935791,0.13443326950073242,540,540,C:/Users/clair/Dropbox/Data Analysis/STAGE7/stage7_run__2026-03-24_shard50_auto20_v1__00009fe20000/_common/stage7_fit__PNU__interaction__nocure_exp.rds,54,12,29,13,age_s + sex_num + age_s:sex_num,age_s + sex_num + age_s:sex_num,PNU,NA,NA,NA,NA,NA,NA,NA,NA,NA,Stage 6 carry-forward was not joined in this refresh run.,FALSE
PNU,interaction,site_free,age_sex_interaction,nocure_weibull,no_cure,no_cure_anchor,weibull,parametric_aft,custom_mle,FALSE,NA,ok,ok,ok,TRUE,TRUE,0,TRUE,BFGS,fitted_new,new_fit,-27.432847720880368,NA,prediction_ok,NA,NA,0,NA,0,NA,0,NA,0,0.202847957611084,0.04460406303405762,0.2474520206451416,540,540,C:/Users/clair/Dropbox/Data Analysis/STAGE7/stage7_run__2026-03-24_shard50_auto20_v1__00009fe20000/_common/stage7_fit__PNU__interaction__nocure_weibull.rds,54,12,29,13,age_s + sex_num + age_s:sex_num,age_s + sex_num + age_s:sex_num,PNU,NA,NA,NA,NA,NA,NA,NA,NA,NA,Stage 6 carry-forward was not joined in this refresh run.,FALSE
PNU,interaction,site_free,age_sex_interaction,nocure_lnorm,no_cure,no_cure_anchor,lnorm,parametric_aft,custom_mle,FALSE,NA,ok,ok,ok,TRUE,TRUE,0,TRUE,BFGS,fitted_new,new_fit,-27.395598813818985,NA,prediction_ok,NA,NA,0,NA,0,NA,0,NA,0,0.2675490379333496,0.03460407257080078,0.3021531105041504,540,540,C:/Users/clair/Dropbox/Data Analysis/STAGE7/stage7_run__2026-03-24_shard50_auto20_v1__00009fe20000/_common/stage7_fit__PNU__interaction__nocure_lnorm.rds,54,12,29,13,age_s + sex_num + age_s:sex_num,age_s + sex_num + age_s:sex_num,PNU,NA,NA,NA,NA,NA,NA,NA,NA,NA,Stage 6 carry-forward was not joined in this refresh run.,FALSE
PNU,interaction,site_free,age_sex_interaction,nocure_llogis,no_cure,no_cure_anchor,llogis,parametric_aft,custom_mle,FALSE,NA,ok,ok,ok,TRUE,TRUE,0,TRUE,BFGS,fitted_new,new_fit,-27.5028103266709,NA,prediction_ok,NA,NA,0,NA,0,NA,0,NA,0,0.21870899200439453,0.03046488761901855,0.24917387962341309,540,540,C:/Users/clair/Dropbox/Data Analysis/STAGE7/stage7_run__2026-03-24_shard50_auto20_v1__00009fe20000/_common/stage7_fit__PNU__interaction__nocure_llogis.rds,54,12,29,13,age_s + sex_num + age_s:sex_num,age_s + sex_num + age_s:sex_num,PNU,NA,NA,NA,NA,NA,NA,NA,NA,NA,Stage 6 carry-forward was not joined in this refresh run.,FALSE
PNU,interaction,site_free,age_sex_interaction,nocure_coxph,no_cure,no_cure_anchor,coxph,cox_ph,survival::coxph,FALSE,NA,ok,ok,ok,TRUE,TRUE,0,TRUE,coxph,fitted_new,new_fit,-41.76641572374616,coxph,prediction_ok,coxph,NA,0,NA,0,NA,0,NA,0,0.01523494720458984,0.03391599655151367,0.04915094375610351,540,540,C:/Users/clair/Dropbox/Data Analysis/STAGE7/stage7_run__2026-03-24_shard50_auto20_v1__00009fe20000/_common/stage7_fit__PNU__interaction__nocure_coxph.rds,54,12,29,13,age_s + sex_num + age_s:sex_num,age_s + sex_num + age_s:sex_num,PNU,NA,NA,NA,NA,NA,NA,NA,NA,NA,Stage 6 carry-forward was not joined in this refresh run.,FALSE
PNU,interaction,site_free,age_sex_interaction,cure_exp,parametric_mixture_cure,frequentist_cure_main,exp,parametric_aft,custom_mle,TRUE,nocure_exp,ok,ok,ok,TRUE,TRUE,0,TRUE,BFGS,fitted_new,new_fit,-26.98605171860794,NA,prediction_ok,NA,NA,0,NA,0,NA,0,NA,0,0.7425458431243896,0.04396700859069824,0.7865128517150879,540,540,C:/Users/clair/Dropbox/Data Analysis/STAGE7/stage7_run__2026-03-24_shard50_auto20_v1__00009fe20000/_common/stage7_fit__PNU__interaction__cure_exp.rds,54,12,29,13,age_s + sex_num + age_s:sex_num,age_s + sex_num + age_s:sex_num,PNU,NA,NA,NA,NA,NA,NA,NA,NA,NA,Stage 6 carry-forward was not joined in this refresh run.,FALSE
PNU,interaction,site_free,age_sex_interaction,cure_weibull,parametric_mixture_cure,frequentist_cure_main,weibull,parametric_aft,custom_mle,TRUE,nocure_weibull,ok,ok,ok,TRUE,TRUE,0,TRUE,BFGS,fitted_new,new_fit,-26.927598558427043,NA,prediction_ok,NA,NA,0,NA,0,NA,0,NA,0,0.8708689212799072,0.03445196151733398,0.9053208827972412,540,540,C:/Users/clair/Dropbox/Data Analysis/STAGE7/stage7_run__2026-03-24_shard50_auto20_v1__00009fe20000/_common/stage7_fit__PNU__interaction__cure_weibull.rds,54,12,29,13,age_s + sex_num + age_s:sex_num,age_s + sex_num + age_s:sex_num,PNU,NA,NA,NA,NA,NA,NA,NA,NA,NA,Stage 6 carry-forward was not joined in this refresh run.,FALSE
PNU,interaction,site_free,age_sex_interaction,cure_lnorm,parametric_mixture_cure,frequentist_cure_main,lnorm,parametric_aft,custom_mle,TRUE,nocure_lnorm,ok,ok,ok,TRUE,TRUE,0,TRUE,BFGS,fitted_new,new_fit,-26.371725057760127,NA,prediction_ok,NA,NA,0,NA,0,NA,0,NA,0,0.9465010166168212,0.04466891288757324,0.9911699295043944,540,540,C:/Users/clair/Dropbox/Data Analysis/STAGE7/stage7_run__2026-03-24_shard50_auto20_v1__00009fe20000/_common/stage7_fit__PNU__interaction__cure_lnorm.rds,54,12,29,13,age_s + sex_num + age_s:sex_num,age_s + sex_num + age_s:sex_num,PNU,NA,NA,NA,NA,NA,NA,NA,NA,NA,Stage 6 carry-forward was not joined in this refresh run.,FALSE
PNU,interaction,site_free,age_sex_interaction,cure_llogis,parametric_mixture_cure,frequentist_cure_main,llogis,parametric_aft,custom_mle,TRUE,nocure_llogis,ok,ok,ok,TRUE,TRUE,0,TRUE,BFGS,fitted_new,new_fit,-26.619273685288356,NA,prediction_ok,NA,NA,0,NA,0,NA,0,NA,0,0.8262360095977783,0.04208517074584961,0.8683211803436279,540,540,C:/Users/clair/Dropbox/Data Analysis/STAGE7/stage7_run__2026-03-24_shard50_auto20_v1__00009fe20000/_common/stage7_fit__PNU__interaction__cure_llogis.rds,54,12,29,13,age_s + sex_num + age_s:sex_num,age_s + sex_num + age_s:sex_num,PNU,NA,NA,NA,NA,NA,NA,NA,NA,NA,Stage 6 carry-forward was not joined in this refresh run.,FALSE
PNU,interaction,site_free,age_sex_interaction,cure_coxlatency,semiparametric_cox_latency_cure,frequentist_cure_main,coxph,cox_ph,smcure,TRUE,nocure_coxph,ok,ok,ok,TRUE,TRUE,0,TRUE,smcure_ph,fitted_new,new_fit,NA,smcure_ph,prediction_ok,smcure_ph,NA,0,NA,0,NA,0,NA,0,0.1915128231048584,0.04934120178222656,0.24085402488708496,540,540,C:/Users/clair/Dropbox/Data Analysis/STAGE7/stage7_run__2026-03-24_shard50_auto20_v1__00009fe20000/_common/stage7_fit__PNU__interaction__cure_coxlatency.rds,54,12,29,13,age_s + sex_num + age_s:sex_num,age_s + sex_num + age_s:sex_num,PNU,NA,NA,NA,NA,NA,NA,NA,NA,NA,Stage 6 carry-forward was not joined in this refresh run.,FALSE
PNU,interaction,site_free,age_sex_interaction,cure_aft_sensitivity,aft_latency_cure_sensitivity,frequentist_cure_sensitivity,aft,aft_semiparametric,smcure,TRUE,NA,ok,ok,ok,TRUE,TRUE,0,TRUE,smcure_aft,fitted_new,new_fit,NA,smcure_aft,prediction_ok,smcure_aft,NA,0,NA,0,NA,0,NA,0,5.028638124465942,0.03808999061584473,5.066728115081787,540,540,C:/Users/clair/Dropbox/Data Analysis/STAGE7/stage7_run__2026-03-24_shard50_auto20_v1__00009fe20000/_common/stage7_fit__PNU__interaction__cure_aft_sensitivity.rds,54,12,29,13,age_s + sex_num + age_s:sex_num,age_s + sex_num + age_s:sex_num,PNU,NA,NA,NA,NA,NA,NA,NA,NA,NA,Stage 6 carry-forward was not joined in this refresh run.,FALSE
SNU,benchmark,benchmark,benchmark,benchmark_km,km_benchmark,benchmark,km,benchmark,survfit,FALSE,NA,ok,ok,ok,TRUE,TRUE,0,TRUE,survfit,fitted_new,new_fit,NA,survfit,benchmark_prediction,survfit,NA,0,NA,0,NA,0,NA,0,0.00513005256652832,0.03037714958190918,0.0355072021484375,2080,2080,C:/Users/clair/Dropbox/Data Analysis/STAGE7/stage7_run__2026-03-24_shard50_auto20_v1__00009fe20000/_common/stage7_fit__SNU__benchmark__benchmark_km.rds,208,38,170,0,NA,NA,SNU,NA,NA,NA,NA,NA,NA,NA,NA,NA,Stage 6 carry-forward was not joined in this refresh run.,FALSE
SNU,base,site_free,no_age_sex_interaction,nocure_exp,no_cure,no_cure_anchor,exp,parametric_aft,custom_mle,FALSE,NA,ok,ok,ok,TRUE,TRUE,0,TRUE,BFGS,fitted_new,new_fit,-150.4965927999462,NA,prediction_ok,NA,NA,0,NA,0,NA,0,NA,0,0.09527301788330078,0.03669595718383789,0.13196897506713867,2080,2080,C:/Users/clair/Dropbox/Data Analysis/STAGE7/stage7_run__2026-03-24_shard50_auto20_v1__00009fe20000/_common/stage7_fit__SNU__base__nocure_exp.rds,208,38,170,0,age_s + sex_num,age_s + sex_num,SNU,NA,NA,NA,NA,NA,NA,NA,NA,NA,Stage 6 carry-forward was not joined in this refresh run.,FALSE
SNU,base,site_free,no_age_sex_interaction,nocure_weibull,no_cure,no_cure_anchor,weibull,parametric_aft,custom_mle,FALSE,NA,ok,ok,ok,TRUE,TRUE,0,TRUE,BFGS,fitted_new,new_fit,-147.38116431509775,NA,prediction_ok,NA,NA,0,NA,0,NA,0,NA,0,0.20016694068908691,0.02524709701538086,0.22541403770446777,2080,2080,C:/Users/clair/Dropbox/Data Analysis/STAGE7/stage7_run__2026-03-24_shard50_auto20_v1__00009fe20000/_common/stage7_fit__SNU__base__nocure_weibull.rds,208,38,170,0,age_s + sex_num,age_s + sex_num,SNU,NA,NA,NA,NA,NA,NA,NA,NA,NA,Stage 6 carry-forward was not joined in this refresh run.,FALSE
SNU,base,site_free,no_age_sex_interaction,nocure_lnorm,no_cure,no_cure_anchor,lnorm,parametric_aft,custom_mle,FALSE,NA,ok,ok,ok,TRUE,TRUE,0,TRUE,BFGS,fitted_new,new_fit,-147.14431344708814,NA,prediction_ok,NA,NA,0,NA,0,NA,0,NA,0,0.23180603981018064,0.02429389953613281,0.2560999393463135,2080,2080,C:/Users/clair/Dropbox/Data Analysis/STAGE7/stage7_run__2026-03-24_shard50_auto20_v1__00009fe20000/_common/stage7_fit__SNU__base__nocure_lnorm.rds,208,38,170,0,age_s + sex_num,age_s + sex_num,SNU,NA,NA,NA,NA,NA,NA,NA,NA,NA,Stage 6 carry-forward was not joined in this refresh run.,FALSE
SNU,base,site_free,no_age_sex_interaction,nocure_llogis,no_cure,no_cure_anchor,llogis,parametric_aft,custom_mle,FALSE,NA,ok,ok,ok,TRUE,TRUE,0,TRUE,BFGS,fitted_new,new_fit,-147.27561697557917,NA,prediction_ok,NA,NA,0,NA,0,NA,0,NA,0,0.19687914848327637,0.0221259593963623,0.21900510787963867,2080,2080,C:/Users/clair/Dropbox/Data Analysis/STAGE7/stage7_run__2026-03-24_shard50_auto20_v1__00009fe20000/_common/stage7_fit__SNU__base__nocure_llogis.rds,208,38,170,0,age_s + sex_num,age_s + sex_num,SNU,NA,NA,NA,NA,NA,NA,NA,NA,NA,Stage 6 carry-forward was not joined in this refresh run.,FALSE
SNU,base,site_free,no_age_sex_interaction,nocure_coxph,no_cure,no_cure_anchor,coxph,cox_ph,survival::coxph,FALSE,NA,ok,ok,ok,TRUE,TRUE,0,TRUE,coxph,fitted_new,new_fit,-183.3242843474692,coxph,prediction_ok,coxph,NA,0,NA,0,NA,0,NA,0,0.00592994689941406,0.03175783157348633,0.03768777847290039,2080,2080,C:/Users/clair/Dropbox/Data Analysis/STAGE7/stage7_run__2026-03-24_shard50_auto20_v1__00009fe20000/_common/stage7_fit__SNU__base__nocure_coxph.rds,208,38,170,0,age_s + sex_num,age_s + sex_num,SNU,NA,NA,NA,NA,NA,NA,NA,NA,NA,Stage 6 carry-forward was not joined in this refresh run.,FALSE
SNU,base,site_free,no_age_sex_interaction,cure_exp,parametric_mixture_cure,frequentist_cure_main,exp,parametric_aft,custom_mle,TRUE,nocure_exp,ok,ok,ok,TRUE,TRUE,0,TRUE,BFGS,fitted_new,new_fit,-147.18261044328565,NA,prediction_ok,NA,NA,0,NA,0,NA,0,NA,0,0.7483088970184326,0.02294301986694336,0.771251916885376,2080,2080,C:/Users/clair/Dropbox/Data Analysis/STAGE7/stage7_run__2026-03-24_shard50_auto20_v1__00009fe20000/_common/stage7_fit__SNU__base__cure_exp.rds,208,38,170,0,age_s + sex_num,age_s + sex_num,SNU,NA,NA,NA,NA,NA,NA,NA,NA,NA,Stage 6 carry-forward was not joined in this refresh run.,FALSE
SNU,base,site_free,no_age_sex_interaction,cure_weibull,parametric_mixture_cure,frequentist_cure_main,weibull,parametric_aft,custom_mle,TRUE,nocure_weibull,ok,ok,ok,TRUE,TRUE,0,TRUE,BFGS,fitted_new,new_fit,-146.5050072066012,NA,prediction_ok,NA,NA,0,NA,0,NA,0,NA,0,1.0451381206512451,0.02285194396972656,1.0679900646209717,2080,2080,C:/Users/clair/Dropbox/Data Analysis/STAGE7/stage7_run__2026-03-24_shard50_auto20_v1__00009fe20000/_common/stage7_fit__SNU__base__cure_weibull.rds,208,38,170,0,age_s + sex_num,age_s + sex_num,SNU,NA,NA,NA,NA,NA,NA,NA,NA,NA,Stage 6 carry-forward was not joined in this refresh run.,FALSE
SNU,base,site_free,no_age_sex_interaction,cure_lnorm,parametric_mixture_cure,frequentist_cure_main,lnorm,parametric_aft,custom_mle,TRUE,nocure_lnorm,ok,ok,ok,TRUE,TRUE,0,TRUE,BFGS,fitted_new,new_fit,-145.57074660746363,NA,prediction_ok,NA,NA,0,NA,0,NA,0,NA,0,7.541489839553833,0.02360105514526367,7.565090894699097,2080,2080,C:/Users/clair/Dropbox/Data Analysis/STAGE7/stage7_run__2026-03-24_shard50_auto20_v1__00009fe20000/_common/stage7_fit__SNU__base__cure_lnorm.rds,208,38,170,0,age_s + sex_num,age_s + sex_num,SNU,NA,NA,NA,NA,NA,NA,NA,NA,NA,Stage 6 carry-forward was not joined in this refresh run.,FALSE
SNU,base,site_free,no_age_sex_interaction,cure_llogis,parametric_mixture_cure,frequentist_cure_main,llogis,parametric_aft,custom_mle,TRUE,nocure_llogis,ok_with_warnings,ok,ok_with_warnings,TRUE,TRUE,1,FALSE,BFGS,fitted_new,new_fit,-145.42427921672794,NA,prediction_ok,NA,NA,2,non-zero optimizer convergence code (1) using BFGS | no converged optimizer attempt was found; best available finite fit retained,0,NA,2,non-zero optimizer convergence code (1) using BFGS | no converged optimizer attempt was found; best available finite fit retained,2,6.998757839202881,0.0245671272277832,7.023324966430664,2080,2080,C:/Users/clair/Dropbox/Data Analysis/STAGE7/stage7_run__2026-03-24_shard50_auto20_v1__00009fe20000/_common/stage7_fit__SNU__base__cure_llogis.rds,208,38,170,0,age_s + sex_num,age_s + sex_num,SNU,NA,NA,NA,NA,NA,NA,NA,NA,NA,Stage 6 carry-forward was not joined in this refresh run.,FALSE
SNU,base,site_free,no_age_sex_interaction,cure_coxlatency,semiparametric_cox_latency_cure,frequentist_cure_main,coxph,cox_ph,smcure,TRUE,nocure_coxph,ok,ok,ok,TRUE,TRUE,0,TRUE,smcure_ph,fitted_new,new_fit,NA,smcure_ph,prediction_ok,smcure_ph,NA,0,NA,0,NA,0,NA,0,0.24370408058166504,0.02302908897399902,0.26673316955566406,2080,2080,C:/Users/clair/Dropbox/Data Analysis/STAGE7/stage7_run__2026-03-24_shard50_auto20_v1__00009fe20000/_common/stage7_fit__SNU__base__cure_coxlatency.rds,208,38,170,0,age_s + sex_num,age_s + sex_num,SNU,NA,NA,NA,NA,NA,NA,NA,NA,NA,Stage 6 carry-forward was not joined in this refresh run.,FALSE
SNU,base,site_free,no_age_sex_interaction,cure_aft_sensitivity,aft_latency_cure_sensitivity,frequentist_cure_sensitivity,aft,aft_semiparametric,smcure,TRUE,NA,ok,ok,ok,TRUE,TRUE,0,TRUE,smcure_aft,fitted_new,new_fit,NA,smcure_aft,prediction_ok,smcure_aft,NA,0,NA,0,NA,0,NA,0,1.3121490478515625,0.02683496475219726,1.3389840126037598,2080,2080,C:/Users/clair/Dropbox/Data Analysis/STAGE7/stage7_run__2026-03-24_shard50_auto20_v1__00009fe20000/_common/stage7_fit__SNU__base__cure_aft_sensitivity.rds,208,38,170,0,age_s + sex_num,age_s + sex_num,SNU,NA,NA,NA,NA,NA,NA,NA,NA,NA,Stage 6 carry-forward was not joined in this refresh run.,FALSE
SNU,interaction,site_free,age_sex_interaction,nocure_exp,no_cure,no_cure_anchor,exp,parametric_aft,custom_mle,FALSE,NA,ok,ok,ok,TRUE,TRUE,0,TRUE,BFGS,fitted_new,new_fit,-149.60604280253094,NA,prediction_ok,NA,NA,0,NA,0,NA,0,NA,0,0.14485812187194824,0.02144885063171386,0.1663069725036621,2080,2080,C:/Users/clair/Dropbox/Data Analysis/STAGE7/stage7_run__2026-03-24_shard50_auto20_v1__00009fe20000/_common/stage7_fit__SNU__interaction__nocure_exp.rds,208,38,170,0,age_s + sex_num + age_s:sex_num,age_s + sex_num + age_s:sex_num,SNU,NA,NA,NA,NA,NA,NA,NA,NA,NA,Stage 6 carry-forward was not joined in this refresh run.,FALSE
SNU,interaction,site_free,age_sex_interaction,nocure_weibull,no_cure,no_cure_anchor,weibull,parametric_aft,custom_mle,FALSE,NA,ok,ok,ok,TRUE,TRUE,0,TRUE,BFGS,fitted_new,new_fit,-146.556273861447,NA,prediction_ok,NA,NA,0,NA,0,NA,0,NA,0,0.2760329246520996,0.02386212348937988,0.2998950481414795,2080,2080,C:/Users/clair/Dropbox/Data Analysis/STAGE7/stage7_run__2026-03-24_shard50_auto20_v1__00009fe20000/_common/stage7_fit__SNU__interaction__nocure_weibull.rds,208,38,170,0,age_s + sex_num + age_s:sex_num,age_s + sex_num + age_s:sex_num,SNU,NA,NA,NA,NA,NA,NA,NA,NA,NA,Stage 6 carry-forward was not joined in this refresh run.,FALSE
SNU,interaction,site_free,age_sex_interaction,nocure_lnorm,no_cure,no_cure_anchor,lnorm,parametric_aft,custom_mle,FALSE,NA,ok,ok,ok,TRUE,TRUE,0,TRUE,BFGS,fitted_new,new_fit,-146.66044709871207,NA,prediction_ok,NA,NA,0,NA,0,NA,0,NA,0,0.3872039318084717,0.02825498580932617,0.41545891761779785,2080,2080,C:/Users/clair/Dropbox/Data Analysis/STAGE7/stage7_run__2026-03-24_shard50_auto20_v1__00009fe20000/_common/stage7_fit__SNU__interaction__nocure_lnorm.rds,208,38,170,0,age_s + sex_num + age_s:sex_num,age_s + sex_num + age_s:sex_num,SNU,NA,NA,NA,NA,NA,NA,NA,NA,NA,Stage 6 carry-forward was not joined in this refresh run.,FALSE
SNU,interaction,site_free,age_sex_interaction,nocure_llogis,no_cure,no_cure_anchor,llogis,parametric_aft,custom_mle,FALSE,NA,ok,ok,ok,TRUE,TRUE,0,TRUE,BFGS,fitted_new,new_fit,-146.6025326380204,NA,prediction_ok,NA,NA,0,NA,0,NA,0,NA,0,0.28593015670776367,0.02323698997497558,0.30916714668273926,2080,2080,C:/Users/clair/Dropbox/Data Analysis/STAGE7/stage7_run__2026-03-24_shard50_auto20_v1__00009fe20000/_common/stage7_fit__SNU__interaction__nocure_llogis.rds,208,38,170,0,age_s + sex_num + age_s:sex_num,age_s + sex_num + age_s:sex_num,SNU,NA,NA,NA,NA,NA,NA,NA,NA,NA,Stage 6 carry-forward was not joined in this refresh run.,FALSE
SNU,interaction,site_free,age_sex_interaction,nocure_coxph,no_cure,no_cure_anchor,coxph,cox_ph,survival::coxph,FALSE,NA,ok,ok,ok,TRUE,TRUE,0,TRUE,coxph,fitted_new,new_fit,-182.472315434994,coxph,prediction_ok,coxph,NA,0,NA,0,NA,0,NA,0,0.00440907478332519,0.03089404106140136,0.03530311584472656,2080,2080,C:/Users/clair/Dropbox/Data Analysis/STAGE7/stage7_run__2026-03-24_shard50_auto20_v1__00009fe20000/_common/stage7_fit__SNU__interaction__nocure_coxph.rds,208,38,170,0,age_s + sex_num + age_s:sex_num,age_s + sex_num + age_s:sex_num,SNU,NA,NA,NA,NA,NA,NA,NA,NA,NA,Stage 6 carry-forward was not joined in this refresh run.,FALSE
SNU,interaction,site_free,age_sex_interaction,cure_exp,parametric_mixture_cure,frequentist_cure_main,exp,parametric_aft,custom_mle,TRUE,nocure_exp,ok,ok,ok,TRUE,TRUE,0,TRUE,BFGS,fitted_new,new_fit,-145.9458653376838,NA,prediction_ok,NA,NA,0,NA,0,NA,0,NA,0,0.8748760223388672,0.0255441665649414,0.9004201889038086,2080,2080,C:/Users/clair/Dropbox/Data Analysis/STAGE7/stage7_run__2026-03-24_shard50_auto20_v1__00009fe20000/_common/stage7_fit__SNU__interaction__cure_exp.rds,208,38,170,0,age_s + sex_num + age_s:sex_num,age_s + sex_num + age_s:sex_num,SNU,NA,NA,NA,NA,NA,NA,NA,NA,NA,Stage 6 carry-forward was not joined in this refresh run.,FALSE
SNU,interaction,site_free,age_sex_interaction,cure_weibull,parametric_mixture_cure,frequentist_cure_main,weibull,parametric_aft,custom_mle,TRUE,nocure_weibull,ok,ok,ok,TRUE,TRUE,0,TRUE,BFGS,fitted_new,new_fit,-145.59004482420147,NA,prediction_ok,NA,NA,0,NA,0,NA,0,NA,0,3.0089619159698486,0.03418207168579101,3.0431439876556396,2080,2080,C:/Users/clair/Dropbox/Data Analysis/STAGE7/stage7_run__2026-03-24_shard50_auto20_v1__00009fe20000/_common/stage7_fit__SNU__interaction__cure_weibull.rds,208,38,170,0,age_s + sex_num + age_s:sex_num,age_s + sex_num + age_s:sex_num,SNU,NA,NA,NA,NA,NA,NA,NA,NA,NA,Stage 6 carry-forward was not joined in this refresh run.,FALSE
SNU,interaction,site_free,age_sex_interaction,cure_lnorm,parametric_mixture_cure,frequentist_cure_main,lnorm,parametric_aft,custom_mle,TRUE,nocure_lnorm,ok_with_warnings,ok,ok_with_warnings,TRUE,TRUE,1,FALSE,BFGS,fitted_new,new_fit,-144.01152627879063,NA,prediction_ok,NA,NA,2,non-zero optimizer convergence code (1) using BFGS | no converged optimizer attempt was found; best available finite fit retained,0,NA,2,non-zero optimizer convergence code (1) using BFGS | no converged optimizer attempt was found; best available finite fit retained,2,13.71479606628418,0.03172898292541504,13.746525049209597,2080,2080,C:/Users/clair/Dropbox/Data Analysis/STAGE7/stage7_run__2026-03-24_shard50_auto20_v1__00009fe20000/_common/stage7_fit__SNU__interaction__cure_lnorm.rds,208,38,170,0,age_s + sex_num + age_s:sex_num,age_s + sex_num + age_s:sex_num,SNU,NA,NA,NA,NA,NA,NA,NA,NA,NA,Stage 6 carry-forward was not joined in this refresh run.,FALSE
SNU,interaction,site_free,age_sex_interaction,cure_llogis,parametric_mixture_cure,frequentist_cure_main,llogis,parametric_aft,custom_mle,TRUE,nocure_llogis,ok,ok,ok,TRUE,TRUE,0,TRUE,BFGS,fitted_new,new_fit,-145.90385006619061,NA,prediction_ok,NA,NA,0,NA,0,NA,0,NA,0,1.8205702304840088,0.03489613533020019,1.855466365814209,2080,2080,C:/Users/clair/Dropbox/Data Analysis/STAGE7/stage7_run__2026-03-24_shard50_auto20_v1__00009fe20000/_common/stage7_fit__SNU__interaction__cure_llogis.rds,208,38,170,0,age_s + sex_num + age_s:sex_num,age_s + sex_num + age_s:sex_num,SNU,NA,NA,NA,NA,NA,NA,NA,NA,NA,Stage 6 carry-forward was not joined in this refresh run.,FALSE
SNU,interaction,site_free,age_sex_interaction,cure_coxlatency,semiparametric_cox_latency_cure,frequentist_cure_main,coxph,cox_ph,smcure,TRUE,nocure_coxph,ok,ok,ok,TRUE,TRUE,0,TRUE,smcure_ph,fitted_new,new_fit,NA,smcure_ph,prediction_ok,smcure_ph,NA,0,NA,0,NA,0,NA,0,0.3968930244445801,0.04829311370849609,0.44518613815307617,2080,2080,C:/Users/clair/Dropbox/Data Analysis/STAGE7/stage7_run__2026-03-24_shard50_auto20_v1__00009fe20000/_common/stage7_fit__SNU__interaction__cure_coxlatency.rds,208,38,170,0,age_s + sex_num + age_s:sex_num,age_s + sex_num + age_s:sex_num,SNU,NA,NA,NA,NA,NA,NA,NA,NA,NA,Stage 6 carry-forward was not joined in this refresh run.,FALSE
SNU,interaction,site_free,age_sex_interaction,cure_aft_sensitivity,aft_latency_cure_sensitivity,frequentist_cure_sensitivity,aft,aft_semiparametric,smcure,TRUE,NA,ok,ok,ok,TRUE,TRUE,0,TRUE,smcure_aft,fitted_new,new_fit,NA,smcure_aft,prediction_ok,smcure_aft,NA,0,NA,0,NA,0,NA,0,30.610409021377563,0.0514528751373291,30.661861896514893,2080,2080,C:/Users/clair/Dropbox/Data Analysis/STAGE7/stage7_run__2026-03-24_shard50_auto20_v1__00009fe20000/_common/stage7_fit__SNU__interaction__cure_aft_sensitivity.rds,208,38,170,0,age_s + sex_num + age_s:sex_num,age_s + sex_num + age_s:sex_num,SNU,NA,NA,NA,NA,NA,NA,NA,NA,NA,Stage 6 carry-forward was not joined in this refresh run.,FALSE
merged,benchmark,benchmark,benchmark,benchmark_km,km_benchmark,benchmark,km,benchmark,survfit,FALSE,NA,ok,ok,ok,TRUE,TRUE,0,TRUE,survfit,fitted_new,new_fit,NA,survfit,benchmark_prediction,survfit,NA,0,NA,0,NA,0,NA,0,0.00588917732238769,0.01917004585266113,0.02505922317504882,2620,2620,C:/Users/clair/Dropbox/Data Analysis/STAGE7/stage7_run__2026-03-24_shard50_auto20_v1__00009fe20000/_common/stage7_fit__merged__benchmark__benchmark_km.rds,262,50,199,13,NA,NA,merged__site_free,NA,NA,NA,NA,NA,NA,NA,NA,NA,Stage 6 carry-forward was not joined in this refresh run.,FALSE
merged,base_sitefree,site_free,no_age_sex_interaction,nocure_exp,no_cure,no_cure_anchor,exp,parametric_aft,custom_mle,FALSE,NA,ok,ok,ok,TRUE,TRUE,0,TRUE,BFGS,fitted_new,new_fit,-186.02437670303212,NA,prediction_ok,NA,NA,0,NA,0,NA,0,NA,0,0.13274884223937988,0.03183484077453613,0.16458368301391602,2620,2620,C:/Users/clair/Dropbox/Data Analysis/STAGE7/stage7_run__2026-03-24_shard50_auto20_v1__00009fe20000/_common/stage7_fit__merged__base_sitefree__nocure_exp.rds,262,50,199,13,age_s + sex_num,age_s + sex_num,merged__site_free,NA,NA,NA,NA,NA,NA,NA,NA,NA,Stage 6 carry-forward was not joined in this refresh run.,FALSE
merged,base_sitefree,site_free,no_age_sex_interaction,nocure_weibull,no_cure,no_cure_anchor,weibull,parametric_aft,custom_mle,FALSE,NA,ok,ok,ok,TRUE,TRUE,0,TRUE,BFGS,fitted_new,new_fit,-179.01925974421374,NA,prediction_ok,NA,NA,0,NA,0,NA,0,NA,0,0.21317601203918457,0.03185892105102539,0.24503493309020996,2620,2620,C:/Users/clair/Dropbox/Data Analysis/STAGE7/stage7_run__2026-03-24_shard50_auto20_v1__00009fe20000/_common/stage7_fit__merged__base_sitefree__nocure_weibull.rds,262,50,199,13,age_s + sex_num,age_s + sex_num,merged__site_free,NA,NA,NA,NA,NA,NA,NA,NA,NA,Stage 6 carry-forward was not joined in this refresh run.,FALSE
merged,base_sitefree,site_free,no_age_sex_interaction,nocure_lnorm,no_cure,no_cure_anchor,lnorm,parametric_aft,custom_mle,FALSE,NA,ok,ok,ok,TRUE,TRUE,0,TRUE,BFGS,fitted_new,new_fit,-178.4239629128957,NA,prediction_ok,NA,NA,0,NA,0,NA,0,NA,0,0.29840683937072754,0.04414796829223633,0.34255480766296387,2620,2620,C:/Users/clair/Dropbox/Data Analysis/STAGE7/stage7_run__2026-03-24_shard50_auto20_v1__00009fe20000/_common/stage7_fit__merged__base_sitefree__nocure_lnorm.rds,262,50,199,13,age_s + sex_num,age_s + sex_num,merged__site_free,NA,NA,NA,NA,NA,NA,NA,NA,NA,Stage 6 carry-forward was not joined in this refresh run.,FALSE
merged,base_sitefree,site_free,no_age_sex_interaction,nocure_llogis,no_cure,no_cure_anchor,llogis,parametric_aft,custom_mle,FALSE,NA,ok,ok,ok,TRUE,TRUE,0,TRUE,BFGS,fitted_new,new_fit,-178.78858021388572,NA,prediction_ok,NA,NA,0,NA,0,NA,0,NA,0,0.2475681304931641,0.0350198745727539,0.28258800506591797,2620,2620,C:/Users/clair/Dropbox/Data Analysis/STAGE7/stage7_run__2026-03-24_shard50_auto20_v1__00009fe20000/_common/stage7_fit__merged__base_sitefree__nocure_llogis.rds,262,50,199,13,age_s + sex_num,age_s + sex_num,merged__site_free,NA,NA,NA,NA,NA,NA,NA,NA,NA,Stage 6 carry-forward was not joined in this refresh run.,FALSE
merged,base_sitefree,site_free,no_age_sex_interaction,nocure_coxph,no_cure,no_cure_anchor,coxph,cox_ph,survival::coxph,FALSE,NA,ok,ok,ok,TRUE,TRUE,0,TRUE,coxph,fitted_new,new_fit,-250.43920353762095,coxph,prediction_ok,coxph,NA,0,NA,0,NA,0,NA,0,0.0065779685974121,0.04401898384094238,0.05059695243835449,2620,2620,C:/Users/clair/Dropbox/Data Analysis/STAGE7/stage7_run__2026-03-24_shard50_auto20_v1__00009fe20000/_common/stage7_fit__merged__base_sitefree__nocure_coxph.rds,262,50,199,13,age_s + sex_num,age_s + sex_num,merged__site_free,NA,NA,NA,NA,NA,NA,NA,NA,NA,Stage 6 carry-forward was not joined in this refresh run.,FALSE
merged,base_sitefree,site_free,no_age_sex_interaction,cure_exp,parametric_mixture_cure,frequentist_cure_main,exp,parametric_aft,custom_mle,TRUE,nocure_exp,ok,ok,ok,TRUE,TRUE,0,TRUE,BFGS,fitted_new,new_fit,-180.2445111603124,NA,prediction_ok,NA,NA,0,NA,0,NA,0,NA,0,0.9068999290466307,0.0339510440826416,0.94085097312927235,2620,2620,C:/Users/clair/Dropbox/Data Analysis/STAGE7/stage7_run__2026-03-24_shard50_auto20_v1__00009fe20000/_common/stage7_fit__merged__base_sitefree__cure_exp.rds,262,50,199,13,age_s + sex_num,age_s + sex_num,merged__site_free,NA,NA,NA,NA,NA,NA,NA,NA,NA,Stage 6 carry-forward was not joined in this refresh run.,FALSE
merged,base_sitefree,site_free,no_age_sex_interaction,cure_weibull,parametric_mixture_cure,frequentist_cure_main,weibull,parametric_aft,custom_mle,TRUE,nocure_weibull,ok,ok,ok,TRUE,TRUE,0,TRUE,BFGS,fitted_new,new_fit,-178.48076995098697,NA,prediction_ok,NA,NA,0,NA,0,NA,0,NA,0,1.2995719909667969,0.03435301780700683,1.3339250087738037,2620,2620,C:/Users/clair/Dropbox/Data Analysis/STAGE7/stage7_run__2026-03-24_shard50_auto20_v1__00009fe20000/_common/stage7_fit__merged__base_sitefree__cure_weibull.rds,262,50,199,13,age_s + sex_num,age_s + sex_num,merged__site_free,NA,NA,NA,NA,NA,NA,NA,NA,NA,Stage 6 carry-forward was not joined in this refresh run.,FALSE
merged,base_sitefree,site_free,no_age_sex_interaction,cure_lnorm,parametric_mixture_cure,frequentist_cure_main,lnorm,parametric_aft,custom_mle,TRUE,nocure_lnorm,ok,ok,ok,TRUE,TRUE,0,TRUE,BFGS,fitted_new,new_fit,-178.32749986889283,NA,prediction_ok,NA,NA,0,NA,0,NA,0,NA,0,2.9665567874908447,0.03697800636291504,3.00353479385376,2620,2620,C:/Users/clair/Dropbox/Data Analysis/STAGE7/stage7_run__2026-03-24_shard50_auto20_v1__00009fe20000/_common/stage7_fit__merged__base_sitefree__cure_lnorm.rds,262,50,199,13,age_s + sex_num,age_s + sex_num,merged__site_free,NA,NA,NA,NA,NA,NA,NA,NA,NA,Stage 6 carry-forward was not joined in this refresh run.,FALSE
merged,base_sitefree,site_free,no_age_sex_interaction,cure_llogis,parametric_mixture_cure,frequentist_cure_main,llogis,parametric_aft,custom_mle,TRUE,nocure_llogis,ok,ok,ok,TRUE,TRUE,0,TRUE,BFGS,fitted_new,new_fit,-178.52469757499094,NA,prediction_ok,NA,NA,0,NA,0,NA,0,NA,0,2.077075958251953,0.04156899452209473,2.118644952774048,2620,2620,C:/Users/clair/Dropbox/Data Analysis/STAGE7/stage7_run__2026-03-24_shard50_auto20_v1__00009fe20000/_common/stage7_fit__merged__base_sitefree__cure_llogis.rds,262,50,199,13,age_s + sex_num,age_s + sex_num,merged__site_free,NA,NA,NA,NA,NA,NA,NA,NA,NA,Stage 6 carry-forward was not joined in this refresh run.,FALSE
merged,base_sitefree,site_free,no_age_sex_interaction,cure_coxlatency,semiparametric_cox_latency_cure,frequentist_cure_main,coxph,cox_ph,smcure,TRUE,nocure_coxph,ok,ok,ok,TRUE,TRUE,0,TRUE,smcure_ph,fitted_new,new_fit,NA,smcure_ph,prediction_ok,smcure_ph,NA,0,NA,0,NA,0,NA,0,0.4412229061126709,0.04324984550476074,0.4844727516174317,2620,2620,C:/Users/clair/Dropbox/Data Analysis/STAGE7/stage7_run__2026-03-24_shard50_auto20_v1__00009fe20000/_common/stage7_fit__merged__base_sitefree__cure_coxlatency.rds,262,50,199,13,age_s + sex_num,age_s + sex_num,merged__site_free,NA,NA,NA,NA,NA,NA,NA,NA,NA,Stage 6 carry-forward was not joined in this refresh run.,FALSE
merged,base_sitefree,site_free,no_age_sex_interaction,cure_aft_sensitivity,aft_latency_cure_sensitivity,frequentist_cure_sensitivity,aft,aft_semiparametric,smcure,TRUE,NA,ok,ok,ok,TRUE,TRUE,0,TRUE,smcure_aft,fitted_new,new_fit,NA,smcure_aft,prediction_ok,smcure_aft,NA,0,NA,0,NA,0,NA,0,21.05586290359497,0.02780508995056152,21.083667993545532,2620,2620,C:/Users/clair/Dropbox/Data Analysis/STAGE7/stage7_run__2026-03-24_shard50_auto20_v1__00009fe20000/_common/stage7_fit__merged__base_sitefree__cure_aft_sensitivity.rds,262,50,199,13,age_s + sex_num,age_s + sex_num,merged__site_free,NA,NA,NA,NA,NA,NA,NA,NA,NA,Stage 6 carry-forward was not joined in this refresh run.,FALSE
merged,base_siteadjusted,site_adjusted,no_age_sex_interaction,nocure_exp,no_cure,no_cure_anchor,exp,parametric_aft,custom_mle,FALSE,NA,ok,ok,ok,TRUE,TRUE,0,TRUE,BFGS,fitted_new,new_fit,-180.1283371467449,NA,prediction_ok,NA,NA,0,NA,0,NA,0,NA,0,0.14999079704284668,0.03217887878417969,0.18216967582702637,2620,2620,C:/Users/clair/Dropbox/Data Analysis/STAGE7/stage7_run__2026-03-24_shard50_auto20_v1__00009fe20000/_common/stage7_fit__merged__base_siteadjusted__nocure_exp.rds,262,50,199,13,age_s + sex_num,age_s + sex_num + site_snu,merged__site_adjusted,NA,NA,NA,NA,NA,NA,NA,NA,NA,Stage 6 carry-forward was not joined in this refresh run.,FALSE
merged,base_siteadjusted,site_adjusted,no_age_sex_interaction,nocure_weibull,no_cure,no_cure_anchor,weibull,parametric_aft,custom_mle,FALSE,NA,ok,ok,ok,TRUE,TRUE,0,TRUE,BFGS,fitted_new,new_fit,-175.89439266938157,NA,prediction_ok,NA,NA,0,NA,0,NA,0,NA,0,0.235792875289917,0.02801895141601562,0.2638118267059326,2620,2620,C:/Users/clair/Dropbox/Data Analysis/STAGE7/stage7_run__2026-03-24_shard50_auto20_v1__00009fe20000/_common/stage7_fit__merged__base_siteadjusted__nocure_weibull.rds,262,50,199,13,age_s + sex_num,age_s + sex_num + site_snu,merged__site_adjusted,NA,NA,NA,NA,NA,NA,NA,NA,NA,Stage 6 carry-forward was not joined in this refresh run.,FALSE
merged,base_siteadjusted,site_adjusted,no_age_sex_interaction,nocure_lnorm,no_cure,no_cure_anchor,lnorm,parametric_aft,custom_mle,FALSE,NA,ok,ok,ok,TRUE,TRUE,0,TRUE,BFGS,fitted_new,new_fit,-175.5874884631362,NA,prediction_ok,NA,NA,0,NA,0,NA,0,NA,0,0.3603529930114746,0.0302281379699707,0.3905811309814453,2620,2620,C:/Users/clair/Dropbox/Data Analysis/STAGE7/stage7_run__2026-03-24_shard50_auto20_v1__00009fe20000/_common/stage7_fit__merged__base_siteadjusted__nocure_lnorm.rds,262,50,199,13,age_s + sex_num,age_s + sex_num + site_snu,merged__site_adjusted,NA,NA,NA,NA,NA,NA,NA,NA,NA,Stage 6 carry-forward was not joined in this refresh run.,FALSE
merged,base_siteadjusted,site_adjusted,no_age_sex_interaction,nocure_llogis,no_cure,no_cure_anchor,llogis,parametric_aft,custom_mle,FALSE,NA,ok,ok,ok,TRUE,TRUE,0,TRUE,BFGS,fitted_new,new_fit,-175.88375927448314,NA,prediction_ok,NA,NA,0,NA,0,NA,0,NA,0,0.3560791015625,0.03058004379272461,0.3866591453552246,2620,2620,C:/Users/clair/Dropbox/Data Analysis/STAGE7/stage7_run__2026-03-24_shard50_auto20_v1__00009fe20000/_common/stage7_fit__merged__base_siteadjusted__nocure_llogis.rds,262,50,199,13,age_s + sex_num,age_s + sex_num + site_snu,merged__site_adjusted,NA,NA,NA,NA,NA,NA,NA,NA,NA,Stage 6 carry-forward was not joined in this refresh run.,FALSE
merged,base_siteadjusted,site_adjusted,no_age_sex_interaction,nocure_coxph,no_cure,no_cure_anchor,coxph,cox_ph,survival::coxph,FALSE,NA,ok,ok,ok,TRUE,TRUE,0,TRUE,coxph,fitted_new,new_fit,-247.59768381998697,coxph,prediction_ok,coxph,NA,0,NA,0,NA,0,NA,0,0.00674986839294433,0.03590703010559082,0.04265689849853515,2620,2620,C:/Users/clair/Dropbox/Data Analysis/STAGE7/stage7_run__2026-03-24_shard50_auto20_v1__00009fe20000/_common/stage7_fit__merged__base_siteadjusted__nocure_coxph.rds,262,50,199,13,age_s + sex_num,age_s + sex_num + site_snu,merged__site_adjusted,NA,NA,NA,NA,NA,NA,NA,NA,NA,Stage 6 carry-forward was not joined in this refresh run.,FALSE
merged,base_siteadjusted,site_adjusted,no_age_sex_interaction,cure_exp,parametric_mixture_cure,frequentist_cure_main,exp,parametric_aft,custom_mle,TRUE,nocure_exp,ok,ok,ok,TRUE,TRUE,0,TRUE,BFGS,fitted_new,new_fit,-177.24562879777798,NA,prediction_ok,NA,NA,0,NA,0,NA,0,NA,0,0.7718420028686523,0.02727890014648437,0.7991209030151367,2620,2620,C:/Users/clair/Dropbox/Data Analysis/STAGE7/stage7_run__2026-03-24_shard50_auto20_v1__00009fe20000/_common/stage7_fit__merged__base_siteadjusted__cure_exp.rds,262,50,199,13,age_s + sex_num,age_s + sex_num + site_snu,merged__site_adjusted,NA,NA,NA,NA,NA,NA,NA,NA,NA,Stage 6 carry-forward was not joined in this refresh run.,FALSE
merged,base_siteadjusted,site_adjusted,no_age_sex_interaction,cure_weibull,parametric_mixture_cure,frequentist_cure_main,weibull,parametric_aft,custom_mle,TRUE,nocure_weibull,ok,ok,ok,TRUE,TRUE,0,TRUE,BFGS,fitted_new,new_fit,-175.64756621485205,NA,prediction_ok,NA,NA,0,NA,0,NA,0,NA,0,1.4560449123382568,0.0281679630279541,1.484212875366211,2620,2620,C:/Users/clair/Dropbox/Data Analysis/STAGE7/stage7_run__2026-03-24_shard50_auto20_v1__00009fe20000/_common/stage7_fit__merged__base_siteadjusted__cure_weibull.rds,262,50,199,13,age_s + sex_num,age_s + sex_num + site_snu,merged__site_adjusted,NA,NA,NA,NA,NA,NA,NA,NA,NA,Stage 6 carry-forward was not joined in this refresh run.,FALSE
merged,base_siteadjusted,site_adjusted,no_age_sex_interaction,cure_lnorm,parametric_mixture_cure,frequentist_cure_main,lnorm,parametric_aft,custom_mle,TRUE,nocure_lnorm,ok,ok,ok,TRUE,TRUE,0,TRUE,BFGS,fitted_new,new_fit,-175.35698964349922,NA,prediction_ok,NA,NA,0,NA,0,NA,0,NA,0,1.8902831077575684,0.02490496635437011,1.9151880741119385,2620,2620,C:/Users/clair/Dropbox/Data Analysis/STAGE7/stage7_run__2026-03-24_shard50_auto20_v1__00009fe20000/_common/stage7_fit__merged__base_siteadjusted__cure_lnorm.rds,262,50,199,13,age_s + sex_num,age_s + sex_num + site_snu,merged__site_adjusted,NA,NA,NA,NA,NA,NA,NA,NA,NA,Stage 6 carry-forward was not joined in this refresh run.,FALSE
merged,base_siteadjusted,site_adjusted,no_age_sex_interaction,cure_llogis,parametric_mixture_cure,frequentist_cure_main,llogis,parametric_aft,custom_mle,TRUE,nocure_llogis,ok,ok,ok,TRUE,TRUE,0,TRUE,BFGS,fitted_new,new_fit,-175.6810223031426,NA,prediction_ok,NA,NA,0,NA,0,NA,0,NA,0,1.4605300426483154,0.02443218231201172,1.4849622249603271,2620,2620,C:/Users/clair/Dropbox/Data Analysis/STAGE7/stage7_run__2026-03-24_shard50_auto20_v1__00009fe20000/_common/stage7_fit__merged__base_siteadjusted__cure_llogis.rds,262,50,199,13,age_s + sex_num,age_s + sex_num + site_snu,merged__site_adjusted,NA,NA,NA,NA,NA,NA,NA,NA,NA,Stage 6 carry-forward was not joined in this refresh run.,FALSE
merged,base_siteadjusted,site_adjusted,no_age_sex_interaction,cure_coxlatency,semiparametric_cox_latency_cure,frequentist_cure_main,coxph,cox_ph,smcure,TRUE,nocure_coxph,ok,ok,ok,TRUE,TRUE,0,TRUE,smcure_ph,fitted_new,new_fit,NA,smcure_ph,prediction_ok,smcure_ph,NA,0,NA,0,NA,0,NA,0,0.35243916511535645,0.02987289428710937,0.3823120594024658,2620,2620,C:/Users/clair/Dropbox/Data Analysis/STAGE7/stage7_run__2026-03-24_shard50_auto20_v1__00009fe20000/_common/stage7_fit__merged__base_siteadjusted__cure_coxlatency.rds,262,50,199,13,age_s + sex_num,age_s + sex_num + site_snu,merged__site_adjusted,NA,NA,NA,NA,NA,NA,NA,NA,NA,Stage 6 carry-forward was not joined in this refresh run.,FALSE
merged,base_siteadjusted,site_adjusted,no_age_sex_interaction,cure_aft_sensitivity,aft_latency_cure_sensitivity,frequentist_cure_sensitivity,aft,aft_semiparametric,smcure,TRUE,NA,ok,ok,ok,TRUE,TRUE,0,TRUE,smcure_aft,fitted_new,new_fit,NA,smcure_aft,prediction_ok,smcure_aft,NA,0,NA,0,NA,0,NA,0,25.782961130142212,0.02751803398132324,25.810479164123535,2620,2620,C:/Users/clair/Dropbox/Data Analysis/STAGE7/stage7_run__2026-03-24_shard50_auto20_v1__00009fe20000/_common/stage7_fit__merged__base_siteadjusted__cure_aft_sensitivity.rds,262,50,199,13,age_s + sex_num,age_s + sex_num + site_snu,merged__site_adjusted,NA,NA,NA,NA,NA,NA,NA,NA,NA,Stage 6 carry-forward was not joined in this refresh run.,FALSE
merged,interaction_sitefree,site_free,age_sex_interaction,nocure_exp,no_cure,no_cure_anchor,exp,parametric_aft,custom_mle,FALSE,NA,ok,ok,ok,TRUE,TRUE,0,TRUE,BFGS,fitted_new,new_fit,-185.95054830092803,NA,prediction_ok,NA,NA,0,NA,0,NA,0,NA,0,0.16517186164855957,0.02447104454040527,0.18964290618896484,2620,2620,C:/Users/clair/Dropbox/Data Analysis/STAGE7/stage7_run__2026-03-24_shard50_auto20_v1__00009fe20000/_common/stage7_fit__merged__interaction_sitefree__nocure_exp.rds,262,50,199,13,age_s + sex_num + age_s:sex_num,age_s + sex_num + age_s:sex_num,merged__site_free,NA,NA,NA,NA,NA,NA,NA,NA,NA,Stage 6 carry-forward was not joined in this refresh run.,FALSE
merged,interaction_sitefree,site_free,age_sex_interaction,nocure_weibull,no_cure,no_cure_anchor,weibull,parametric_aft,custom_mle,FALSE,NA,ok,ok,ok,TRUE,TRUE,0,TRUE,BFGS,fitted_new,new_fit,-178.8758861442568,NA,prediction_ok,NA,NA,0,NA,0,NA,0,NA,0,0.27565717697143555,0.02206611633300781,0.29772329330444336,2620,2620,C:/Users/clair/Dropbox/Data Analysis/STAGE7/stage7_run__2026-03-24_shard50_auto20_v1__00009fe20000/_common/stage7_fit__merged__interaction_sitefree__nocure_weibull.rds,262,50,199,13,age_s + sex_num + age_s:sex_num,age_s + sex_num + age_s:sex_num,merged__site_free,NA,NA,NA,NA,NA,NA,NA,NA,NA,Stage 6 carry-forward was not joined in this refresh run.,FALSE
merged,interaction_sitefree,site_free,age_sex_interaction,nocure_lnorm,no_cure,no_cure_anchor,lnorm,parametric_aft,custom_mle,FALSE,NA,ok,ok,ok,TRUE,TRUE,0,TRUE,BFGS,fitted_new,new_fit,-178.28997336045268,NA,prediction_ok,NA,NA,0,NA,0,NA,0,NA,0,0.37333106994628906,0.0271918773651123,0.40052294731140137,2620,2620,C:/Users/clair/Dropbox/Data Analysis/STAGE7/stage7_run__2026-03-24_shard50_auto20_v1__00009fe20000/_common/stage7_fit__merged__interaction_sitefree__nocure_lnorm.rds,262,50,199,13,age_s + sex_num + age_s:sex_num,age_s + sex_num + age_s:sex_num,merged__site_free,NA,NA,NA,NA,NA,NA,NA,NA,NA,Stage 6 carry-forward was not joined in this refresh run.,FALSE
merged,interaction_sitefree,site_free,age_sex_interaction,nocure_llogis,no_cure,no_cure_anchor,llogis,parametric_aft,custom_mle,FALSE,NA,ok,ok,ok,TRUE,TRUE,0,TRUE,BFGS,fitted_new,new_fit,-178.64246895959442,NA,prediction_ok,NA,NA,0,NA,0,NA,0,NA,0,0.2935631275177002,0.02547311782836914,0.31903624534606934,2620,2620,C:/Users/clair/Dropbox/Data Analysis/STAGE7/stage7_run__2026-03-24_shard50_auto20_v1__00009fe20000/_common/stage7_fit__merged__interaction_sitefree__nocure_llogis.rds,262,50,199,13,age_s + sex_num + age_s:sex_num,age_s + sex_num + age_s:sex_num,merged__site_free,NA,NA,NA,NA,NA,NA,NA,NA,NA,Stage 6 carry-forward was not joined in this refresh run.,FALSE
merged,interaction_sitefree,site_free,age_sex_interaction,nocure_coxph,no_cure,no_cure_anchor,coxph,cox_ph,survival::coxph,FALSE,NA,ok,ok,ok,TRUE,TRUE,0,TRUE,coxph,fitted_new,new_fit,-250.2716117966371,coxph,prediction_ok,coxph,NA,0,NA,0,NA,0,NA,0,0.0052809715270996,0.03130722045898437,0.03658819198608398,2620,2620,C:/Users/clair/Dropbox/Data Analysis/STAGE7/stage7_run__2026-03-24_shard50_auto20_v1__00009fe20000/_common/stage7_fit__merged__interaction_sitefree__nocure_coxph.rds,262,50,199,13,age_s + sex_num + age_s:sex_num,age_s + sex_num + age_s:sex_num,merged__site_free,NA,NA,NA,NA,NA,NA,NA,NA,NA,Stage 6 carry-forward was not joined in this refresh run.,FALSE
merged,interaction_sitefree,site_free,age_sex_interaction,cure_exp,parametric_mixture_cure,frequentist_cure_main,exp,parametric_aft,custom_mle,TRUE,nocure_exp,ok,ok,ok,TRUE,TRUE,0,TRUE,BFGS,fitted_new,new_fit,-180.07419898461362,NA,prediction_ok,NA,NA,0,NA,0,NA,0,NA,0,0.9438788890838624,0.03184103965759277,0.9757199287414552,2620,2620,C:/Users/clair/Dropbox/Data Analysis/STAGE7/stage7_run__2026-03-24_shard50_auto20_v1__00009fe20000/_common/stage7_fit__merged__interaction_sitefree__cure_exp.rds,262,50,199,13,age_s + sex_num + age_s:sex_num,age_s + sex_num + age_s:sex_num,merged__site_free,NA,NA,NA,NA,NA,NA,NA,NA,NA,Stage 6 carry-forward was not joined in this refresh run.,FALSE
merged,interaction_sitefree,site_free,age_sex_interaction,cure_weibull,parametric_mixture_cure,frequentist_cure_main,weibull,parametric_aft,custom_mle,TRUE,nocure_weibull,ok,ok,ok,TRUE,TRUE,0,TRUE,BFGS,fitted_new,new_fit,-178.308760791035,NA,prediction_ok,NA,NA,0,NA,0,NA,0,NA,0,1.1537740230560305,0.02347683906555175,1.177250862121582,2620,2620,C:/Users/clair/Dropbox/Data Analysis/STAGE7/stage7_run__2026-03-24_shard50_auto20_v1__00009fe20000/_common/stage7_fit__merged__interaction_sitefree__cure_weibull.rds,262,50,199,13,age_s + sex_num + age_s:sex_num,age_s + sex_num + age_s:sex_num,merged__site_free,NA,NA,NA,NA,NA,NA,NA,NA,NA,Stage 6 carry-forward was not joined in this refresh run.,FALSE
merged,interaction_sitefree,site_free,age_sex_interaction,cure_lnorm,parametric_mixture_cure,frequentist_cure_main,lnorm,parametric_aft,custom_mle,TRUE,nocure_lnorm,ok,ok,ok,TRUE,TRUE,0,TRUE,BFGS,fitted_new,new_fit,-176.0061396026255,NA,prediction_ok,NA,NA,0,NA,0,NA,0,NA,0,10.151236057281494,0.03059983253479004,10.181835889816284,2620,2620,C:/Users/clair/Dropbox/Data Analysis/STAGE7/stage7_run__2026-03-24_shard50_auto20_v1__00009fe20000/_common/stage7_fit__merged__interaction_sitefree__cure_lnorm.rds,262,50,199,13,age_s + sex_num + age_s:sex_num,age_s + sex_num + age_s:sex_num,merged__site_free,NA,NA,NA,NA,NA,NA,NA,NA,NA,Stage 6 carry-forward was not joined in this refresh run.,FALSE
merged,interaction_sitefree,site_free,age_sex_interaction,cure_llogis,parametric_mixture_cure,frequentist_cure_main,llogis,parametric_aft,custom_mle,TRUE,nocure_llogis,ok,ok,ok,TRUE,TRUE,0,TRUE,BFGS,fitted_new,new_fit,-178.36707913576308,NA,prediction_ok,NA,NA,0,NA,0,NA,0,NA,0,1.3178629875183103,0.03099894523620605,1.3488619327545166,2620,2620,C:/Users/clair/Dropbox/Data Analysis/STAGE7/stage7_run__2026-03-24_shard50_auto20_v1__00009fe20000/_common/stage7_fit__merged__interaction_sitefree__cure_llogis.rds,262,50,199,13,age_s + sex_num + age_s:sex_num,age_s + sex_num + age_s:sex_num,merged__site_free,NA,NA,NA,NA,NA,NA,NA,NA,NA,Stage 6 carry-forward was not joined in this refresh run.,FALSE
merged,interaction_sitefree,site_free,age_sex_interaction,cure_coxlatency,semiparametric_cox_latency_cure,frequentist_cure_main,coxph,cox_ph,smcure,TRUE,nocure_coxph,ok,ok,ok,TRUE,TRUE,0,TRUE,smcure_ph,fitted_new,new_fit,NA,smcure_ph,prediction_ok,smcure_ph,NA,0,NA,0,NA,0,NA,0,0.3032259941101074,0.02605891227722168,0.3292849063873291,2620,2620,C:/Users/clair/Dropbox/Data Analysis/STAGE7/stage7_run__2026-03-24_shard50_auto20_v1__00009fe20000/_common/stage7_fit__merged__interaction_sitefree__cure_coxlatency.rds,262,50,199,13,age_s + sex_num + age_s:sex_num,age_s + sex_num + age_s:sex_num,merged__site_free,NA,NA,NA,NA,NA,NA,NA,NA,NA,Stage 6 carry-forward was not joined in this refresh run.,FALSE
merged,interaction_sitefree,site_free,age_sex_interaction,cure_aft_sensitivity,aft_latency_cure_sensitivity,frequentist_cure_sensitivity,aft,aft_semiparametric,smcure,TRUE,NA,ok,ok,ok,TRUE,TRUE,0,TRUE,smcure_aft,fitted_new,new_fit,NA,smcure_aft,prediction_ok,smcure_aft,NA,0,NA,0,NA,0,NA,0,30.714833974838257,0.03055500984191894,30.745388984680176,2620,2620,C:/Users/clair/Dropbox/Data Analysis/STAGE7/stage7_run__2026-03-24_shard50_auto20_v1__00009fe20000/_common/stage7_fit__merged__interaction_sitefree__cure_aft_sensitivity.rds,262,50,199,13,age_s + sex_num + age_s:sex_num,age_s + sex_num + age_s:sex_num,merged__site_free,NA,NA,NA,NA,NA,NA,NA,NA,NA,Stage 6 carry-forward was not joined in this refresh run.,FALSE
merged,interaction_siteadjusted,site_adjusted,age_sex_interaction,nocure_exp,no_cure,no_cure_anchor,exp,parametric_aft,custom_mle,FALSE,NA,ok,ok,ok,TRUE,TRUE,0,TRUE,BFGS,fitted_new,new_fit,-179.76678321929268,NA,prediction_ok,NA,NA,0,NA,0,NA,0,NA,0,0.25591301918029785,0.02242588996887207,0.2783389091491699,2620,2620,C:/Users/clair/Dropbox/Data Analysis/STAGE7/stage7_run__2026-03-24_shard50_auto20_v1__00009fe20000/_common/stage7_fit__merged__interaction_siteadjusted__nocure_exp.rds,262,50,199,13,age_s + sex_num + age_s:sex_num,age_s + sex_num + age_s:sex_num + site_snu,merged__site_adjusted,NA,NA,NA,NA,NA,NA,NA,NA,NA,Stage 6 carry-forward was not joined in this refresh run.,FALSE
merged,interaction_siteadjusted,site_adjusted,age_sex_interaction,nocure_weibull,no_cure,no_cure_anchor,weibull,parametric_aft,custom_mle,FALSE,NA,ok,ok,ok,TRUE,TRUE,0,TRUE,BFGS,fitted_new,new_fit,-175.49791033585257,NA,prediction_ok,NA,NA,0,NA,0,NA,0,NA,0,0.3058929443359375,0.02529788017272949,0.331190824508667,2620,2620,C:/Users/clair/Dropbox/Data Analysis/STAGE7/stage7_run__2026-03-24_shard50_auto20_v1__00009fe20000/_common/stage7_fit__merged__interaction_siteadjusted__nocure_weibull.rds,262,50,199,13,age_s + sex_num + age_s:sex_num,age_s + sex_num + age_s:sex_num + site_snu,merged__site_adjusted,NA,NA,NA,NA,NA,NA,NA,NA,NA,Stage 6 carry-forward was not joined in this refresh run.,FALSE
merged,interaction_siteadjusted,site_adjusted,age_sex_interaction,nocure_lnorm,no_cure,no_cure_anchor,lnorm,parametric_aft,custom_mle,FALSE,NA,ok,ok,ok,TRUE,TRUE,0,TRUE,BFGS,fitted_new,new_fit,-175.20729700319652,NA,prediction_ok,NA,NA,0,NA,0,NA,0,NA,0,0.5204281806945801,0.02400708198547363,0.5444352626800537,2620,2620,C:/Users/clair/Dropbox/Data Analysis/STAGE7/stage7_run__2026-03-24_shard50_auto20_v1__00009fe20000/_common/stage7_fit__merged__interaction_siteadjusted__nocure_lnorm.rds,262,50,199,13,age_s + sex_num + age_s:sex_num,age_s + sex_num + age_s:sex_num + site_snu,merged__site_adjusted,NA,NA,NA,NA,NA,NA,NA,NA,NA,Stage 6 carry-forward was not joined in this refresh run.,FALSE
merged,interaction_siteadjusted,site_adjusted,age_sex_interaction,nocure_llogis,no_cure,no_cure_anchor,llogis,parametric_aft,custom_mle,FALSE,NA,ok,ok,ok,TRUE,TRUE,0,TRUE,BFGS,fitted_new,new_fit,-175.44826493108067,NA,prediction_ok,NA,NA,0,NA,0,NA,0,NA,0,0.345426082611084,0.02763700485229492,0.3730630874633789,2620,2620,C:/Users/clair/Dropbox/Data Analysis/STAGE7/stage7_run__2026-03-24_shard50_auto20_v1__00009fe20000/_common/stage7_fit__merged__interaction_siteadjusted__nocure_llogis.rds,262,50,199,13,age_s + sex_num + age_s:sex_num,age_s + sex_num + age_s:sex_num + site_snu,merged__site_adjusted,NA,NA,NA,NA,NA,NA,NA,NA,NA,Stage 6 carry-forward was not joined in this refresh run.,FALSE
merged,interaction_siteadjusted,site_adjusted,age_sex_interaction,nocure_coxph,no_cure,no_cure_anchor,coxph,cox_ph,survival::coxph,FALSE,NA,ok,ok,ok,TRUE,TRUE,0,TRUE,coxph,fitted_new,new_fit,-247.18416537160937,coxph,prediction_ok,coxph,NA,0,NA,0,NA,0,NA,0,0.00590801239013671,0.03341388702392578,0.0393218994140625,2620,2620,C:/Users/clair/Dropbox/Data Analysis/STAGE7/stage7_run__2026-03-24_shard50_auto20_v1__00009fe20000/_common/stage7_fit__merged__interaction_siteadjusted__nocure_coxph.rds,262,50,199,13,age_s + sex_num + age_s:sex_num,age_s + sex_num + age_s:sex_num + site_snu,merged__site_adjusted,NA,NA,NA,NA,NA,NA,NA,NA,NA,Stage 6 carry-forward was not joined in this refresh run.,FALSE
merged,interaction_siteadjusted,site_adjusted,age_sex_interaction,cure_exp,parametric_mixture_cure,frequentist_cure_main,exp,parametric_aft,custom_mle,TRUE,nocure_exp,ok,ok,ok,TRUE,TRUE,0,TRUE,BFGS,fitted_new,new_fit,-176.87071284575202,NA,prediction_ok,NA,NA,0,NA,0,NA,0,NA,0,0.9873409271240234,0.02773094177246093,1.0150718688964844,2620,2620,C:/Users/clair/Dropbox/Data Analysis/STAGE7/stage7_run__2026-03-24_shard50_auto20_v1__00009fe20000/_common/stage7_fit__merged__interaction_siteadjusted__cure_exp.rds,262,50,199,13,age_s + sex_num + age_s:sex_num,age_s + sex_num + age_s:sex_num + site_snu,merged__site_adjusted,NA,NA,NA,NA,NA,NA,NA,NA,NA,Stage 6 carry-forward was not joined in this refresh run.,FALSE
merged,interaction_siteadjusted,site_adjusted,age_sex_interaction,cure_weibull,parametric_mixture_cure,frequentist_cure_main,weibull,parametric_aft,custom_mle,TRUE,nocure_weibull,ok,ok,ok,TRUE,TRUE,0,TRUE,BFGS,fitted_new,new_fit,-175.43118076818178,NA,prediction_ok,NA,NA,0,NA,0,NA,0,NA,0,1.31858491897583,0.02427005767822265,1.3428549766540527,2620,2620,C:/Users/clair/Dropbox/Data Analysis/STAGE7/stage7_run__2026-03-24_shard50_auto20_v1__00009fe20000/_common/stage7_fit__merged__interaction_siteadjusted__cure_weibull.rds,262,50,199,13,age_s + sex_num + age_s:sex_num,age_s + sex_num + age_s:sex_num + site_snu,merged__site_adjusted,NA,NA,NA,NA,NA,NA,NA,NA,NA,Stage 6 carry-forward was not joined in this refresh run.,FALSE
merged,interaction_siteadjusted,site_adjusted,age_sex_interaction,cure_lnorm,parametric_mixture_cure,frequentist_cure_main,lnorm,parametric_aft,custom_mle,TRUE,nocure_lnorm,ok,ok,ok,TRUE,TRUE,0,TRUE,BFGS,fitted_new,new_fit,-175.19267366262125,NA,prediction_ok,NA,NA,0,NA,0,NA,0,NA,0,1.8790850639343264,0.02858495712280273,1.907670021057129,2620,2620,C:/Users/clair/Dropbox/Data Analysis/STAGE7/stage7_run__2026-03-24_shard50_auto20_v1__00009fe20000/_common/stage7_fit__merged__interaction_siteadjusted__cure_lnorm.rds,262,50,199,13,age_s + sex_num + age_s:sex_num,age_s + sex_num + age_s:sex_num + site_snu,merged__site_adjusted,NA,NA,NA,NA,NA,NA,NA,NA,NA,Stage 6 carry-forward was not joined in this refresh run.,FALSE
merged,interaction_siteadjusted,site_adjusted,age_sex_interaction,cure_llogis,parametric_mixture_cure,frequentist_cure_main,llogis,parametric_aft,custom_mle,TRUE,nocure_llogis,ok,ok,ok,TRUE,TRUE,0,TRUE,BFGS,fitted_new,new_fit,-175.4378838428187,NA,prediction_ok,NA,NA,0,NA,0,NA,0,NA,0,2.8025219440460205,0.02868008613586425,2.8312020301818848,2620,2620,C:/Users/clair/Dropbox/Data Analysis/STAGE7/stage7_run__2026-03-24_shard50_auto20_v1__00009fe20000/_common/stage7_fit__merged__interaction_siteadjusted__cure_llogis.rds,262,50,199,13,age_s + sex_num + age_s:sex_num,age_s + sex_num + age_s:sex_num + site_snu,merged__site_adjusted,NA,NA,NA,NA,NA,NA,NA,NA,NA,Stage 6 carry-forward was not joined in this refresh run.,FALSE
merged,interaction_siteadjusted,site_adjusted,age_sex_interaction,cure_coxlatency,semiparametric_cox_latency_cure,frequentist_cure_main,coxph,cox_ph,smcure,TRUE,nocure_coxph,ok,ok,ok,TRUE,TRUE,0,TRUE,smcure_ph,fitted_new,new_fit,NA,smcure_ph,prediction_ok,smcure_ph,NA,0,NA,0,NA,0,NA,0,0.37323594093322754,0.02706789970397949,0.40030384063720703,2620,2620,C:/Users/clair/Dropbox/Data Analysis/STAGE7/stage7_run__2026-03-24_shard50_auto20_v1__00009fe20000/_common/stage7_fit__merged__interaction_siteadjusted__cure_coxlatency.rds,262,50,199,13,age_s + sex_num + age_s:sex_num,age_s + sex_num + age_s:sex_num + site_snu,merged__site_adjusted,NA,NA,NA,NA,NA,NA,NA,NA,NA,Stage 6 carry-forward was not joined in this refresh run.,FALSE
merged,interaction_siteadjusted,site_adjusted,age_sex_interaction,cure_aft_sensitivity,aft_latency_cure_sensitivity,frequentist_cure_sensitivity,aft,aft_semiparametric,smcure,TRUE,NA,ok,ok,ok,TRUE,TRUE,0,TRUE,smcure_aft,fitted_new,new_fit,NA,smcure_aft,prediction_ok,smcure_aft,NA,0,NA,0,NA,0,NA,0,43.46021389961243,0.03158998489379883,43.491803884506226,2620,2620,C:/Users/clair/Dropbox/Data Analysis/STAGE7/stage7_run__2026-03-24_shard50_auto20_v1__00009fe20000/_common/stage7_fit__merged__interaction_siteadjusted__cure_aft_sensitivity.rds,262,50,199,13,age_s + sex_num + age_s:sex_num,age_s + sex_num + age_s:sex_num + site_snu,merged__site_adjusted,NA,NA,NA,NA,NA,NA,NA,NA,NA,Stage 6 carry-forward was not joined in this refresh run.,FALSE
