rep_id,dataset,formula_variant,site_branch,interaction_branch,model_id,model_class,model_block,model_family,latency_type,matched_nocure_model_id,failure_type,fit_status,prediction_status,overall_status,convergence_code,warning_count_total,primary_error_message,primary_warning_message
3,PNU,interaction,site_free,age_sex_interaction,cure_coxlatency,semiparametric_cox_latency_cure,frequentist_cure_main,coxph,cox_ph,nocure_coxph,fit_and_prediction_failed,failed,not_attempted,fit_failed,NA,0,인자 mu는 반드시 비어있지 않은 수치형 벡터이어야 합니다,NA
8,PNU,interaction,site_free,age_sex_interaction,cure_aft_sensitivity,aft_latency_cure_sensitivity,frequentist_cure_sensitivity,aft,aft_semiparametric,NA,fit_and_prediction_failed,failed,not_attempted,fit_failed,NA,0,파라미터의 초기값으로 함수를 계산할 수는 없습니다,NA
10,PNU,interaction,site_free,age_sex_interaction,cure_aft_sensitivity,aft_latency_cure_sensitivity,frequentist_cure_sensitivity,aft,aft_semiparametric,NA,fit_and_prediction_failed,failed,not_attempted,fit_failed,NA,0,파라미터의 초기값으로 함수를 계산할 수는 없습니다,NA
10,PNU,interaction,site_free,age_sex_interaction,cure_coxlatency,semiparametric_cox_latency_cure,frequentist_cure_main,coxph,cox_ph,nocure_coxph,fit_and_prediction_failed,failed,not_attempted,fit_failed,NA,1,인자 mu는 반드시 비어있지 않은 수치형 벡터이어야 합니다,Loglik converged before variable  2 ; coefficient may be infinite. 
11,PNU,interaction,site_free,age_sex_interaction,cure_coxlatency,semiparametric_cox_latency_cure,frequentist_cure_main,coxph,cox_ph,nocure_coxph,fit_and_prediction_failed,failed,not_attempted,fit_failed,NA,0,TRUE/FALSE가 필요한 곳에 값이 없습니다,NA
15,PNU,interaction,site_free,age_sex_interaction,cure_aft_sensitivity,aft_latency_cure_sensitivity,frequentist_cure_sensitivity,aft,aft_semiparametric,NA,fit_and_prediction_failed,failed,not_attempted,fit_failed,NA,0,파라미터의 초기값으로 함수를 계산할 수는 없습니다,NA
19,PNU,interaction,site_free,age_sex_interaction,cure_coxlatency,semiparametric_cox_latency_cure,frequentist_cure_main,coxph,cox_ph,nocure_coxph,fit_and_prediction_failed,failed,not_attempted,fit_failed,NA,1,TRUE/FALSE가 필요한 곳에 값이 없습니다,"Loglik converged before variable  2,3 ; coefficient may be infinite. "
21,PNU,interaction,site_free,age_sex_interaction,cure_aft_sensitivity,aft_latency_cure_sensitivity,frequentist_cure_sensitivity,aft,aft_semiparametric,NA,fit_and_prediction_failed,failed,not_attempted,fit_failed,NA,0,파라미터의 초기값으로 함수를 계산할 수는 없습니다,NA
22,PNU,base,site_free,no_age_sex_interaction,cure_aft_sensitivity,aft_latency_cure_sensitivity,frequentist_cure_sensitivity,aft,aft_semiparametric,NA,fit_and_prediction_failed,failed,not_attempted,fit_failed,NA,1,파라미터의 초기값으로 함수를 계산할 수는 없습니다,glm.fit: 알고리즘이 수렴하지 않았습니다
25,PNU,interaction,site_free,age_sex_interaction,cure_aft_sensitivity,aft_latency_cure_sensitivity,frequentist_cure_sensitivity,aft,aft_semiparametric,NA,fit_and_prediction_failed,failed,not_attempted,fit_failed,NA,0,파라미터의 초기값으로 함수를 계산할 수는 없습니다,NA
33,PNU,interaction,site_free,age_sex_interaction,cure_coxlatency,semiparametric_cox_latency_cure,frequentist_cure_main,coxph,cox_ph,nocure_coxph,fit_and_prediction_failed,failed,not_attempted,fit_failed,NA,2,TRUE/FALSE가 필요한 곳에 값이 없습니다,"Loglik converged before variable  2,3 ; coefficient may be infinite.  | Ran out of iterations and did not converge"
37,PNU,interaction,site_free,age_sex_interaction,cure_aft_sensitivity,aft_latency_cure_sensitivity,frequentist_cure_sensitivity,aft,aft_semiparametric,NA,fit_and_prediction_failed,failed,not_attempted,fit_failed,NA,0,파라미터의 초기값으로 함수를 계산할 수는 없습니다,NA
42,PNU,interaction,site_free,age_sex_interaction,cure_aft_sensitivity,aft_latency_cure_sensitivity,frequentist_cure_sensitivity,aft,aft_semiparametric,NA,fit_and_prediction_failed,failed,not_attempted,fit_failed,NA,0,파라미터의 초기값으로 함수를 계산할 수는 없습니다,NA
45,PNU,interaction,site_free,age_sex_interaction,cure_coxlatency,semiparametric_cox_latency_cure,frequentist_cure_main,coxph,cox_ph,nocure_coxph,fit_and_prediction_failed,failed,not_attempted,fit_failed,NA,1,인자 mu는 반드시 비어있지 않은 수치형 벡터이어야 합니다,Loglik converged before variable  2 ; coefficient may be infinite. 
57,PNU,interaction,site_free,age_sex_interaction,cure_aft_sensitivity,aft_latency_cure_sensitivity,frequentist_cure_sensitivity,aft,aft_semiparametric,NA,fit_and_prediction_failed,failed,not_attempted,fit_failed,NA,0,파라미터의 초기값으로 함수를 계산할 수는 없습니다,NA
57,SNU,interaction,site_free,age_sex_interaction,cure_aft_sensitivity,aft_latency_cure_sensitivity,frequentist_cure_sensitivity,aft,aft_semiparametric,NA,fit_and_prediction_failed,failed,not_attempted,fit_failed,NA,0,파라미터의 초기값으로 함수를 계산할 수는 없습니다,NA
68,PNU,interaction,site_free,age_sex_interaction,cure_coxlatency,semiparametric_cox_latency_cure,frequentist_cure_main,coxph,cox_ph,nocure_coxph,fit_and_prediction_failed,failed,not_attempted,fit_failed,NA,1,TRUE/FALSE가 필요한 곳에 값이 없습니다,Ran out of iterations and did not converge
70,PNU,interaction,site_free,age_sex_interaction,cure_coxlatency,semiparametric_cox_latency_cure,frequentist_cure_main,coxph,cox_ph,nocure_coxph,fit_and_prediction_failed,failed,not_attempted,fit_failed,NA,0,인자 mu는 반드시 비어있지 않은 수치형 벡터이어야 합니다,NA
78,PNU,interaction,site_free,age_sex_interaction,cure_aft_sensitivity,aft_latency_cure_sensitivity,frequentist_cure_sensitivity,aft,aft_semiparametric,NA,fit_and_prediction_failed,failed,not_attempted,fit_failed,NA,0,파라미터의 초기값으로 함수를 계산할 수는 없습니다,NA
81,PNU,interaction,site_free,age_sex_interaction,cure_coxlatency,semiparametric_cox_latency_cure,frequentist_cure_main,coxph,cox_ph,nocure_coxph,fit_and_prediction_failed,failed,not_attempted,fit_failed,NA,0,인자 mu는 반드시 비어있지 않은 수치형 벡터이어야 합니다,NA
84,PNU,interaction,site_free,age_sex_interaction,cure_aft_sensitivity,aft_latency_cure_sensitivity,frequentist_cure_sensitivity,aft,aft_semiparametric,NA,fit_and_prediction_failed,failed,not_attempted,fit_failed,NA,0,파라미터의 초기값으로 함수를 계산할 수는 없습니다,NA
105,PNU,interaction,site_free,age_sex_interaction,cure_coxlatency,semiparametric_cox_latency_cure,frequentist_cure_main,coxph,cox_ph,nocure_coxph,fit_and_prediction_failed,failed,not_attempted,fit_failed,NA,1,TRUE/FALSE가 필요한 곳에 값이 없습니다,Ran out of iterations and did not converge
109,PNU,interaction,site_free,age_sex_interaction,cure_aft_sensitivity,aft_latency_cure_sensitivity,frequentist_cure_sensitivity,aft,aft_semiparametric,NA,fit_and_prediction_failed,failed,not_attempted,fit_failed,NA,0,파라미터의 초기값으로 함수를 계산할 수는 없습니다,NA
110,merged,interaction_siteadjusted,site_adjusted,age_sex_interaction,cure_aft_sensitivity,aft_latency_cure_sensitivity,frequentist_cure_sensitivity,aft,aft_semiparametric,NA,fit_and_prediction_failed,failed,not_attempted,fit_failed,NA,0,파라미터의 초기값으로 함수를 계산할 수는 없습니다,NA
112,PNU,interaction,site_free,age_sex_interaction,cure_coxlatency,semiparametric_cox_latency_cure,frequentist_cure_main,coxph,cox_ph,nocure_coxph,fit_and_prediction_failed,failed,not_attempted,fit_failed,NA,1,인자 mu는 반드시 비어있지 않은 수치형 벡터이어야 합니다,Loglik converged before variable  2 ; coefficient may be infinite. 
112,SNU,interaction,site_free,age_sex_interaction,cure_aft_sensitivity,aft_latency_cure_sensitivity,frequentist_cure_sensitivity,aft,aft_semiparametric,NA,fit_and_prediction_failed,failed,not_attempted,fit_failed,NA,0,파라미터의 초기값으로 함수를 계산할 수는 없습니다,NA
114,PNU,interaction,site_free,age_sex_interaction,cure_coxlatency,semiparametric_cox_latency_cure,frequentist_cure_main,coxph,cox_ph,nocure_coxph,fit_and_prediction_failed,failed,not_attempted,fit_failed,NA,1,인자 mu는 반드시 비어있지 않은 수치형 벡터이어야 합니다,Loglik converged before variable  2 ; coefficient may be infinite. 
116,PNU,interaction,site_free,age_sex_interaction,cure_aft_sensitivity,aft_latency_cure_sensitivity,frequentist_cure_sensitivity,aft,aft_semiparametric,NA,fit_and_prediction_failed,failed,not_attempted,fit_failed,NA,0,파라미터의 초기값으로 함수를 계산할 수는 없습니다,NA
126,PNU,interaction,site_free,age_sex_interaction,cure_coxlatency,semiparametric_cox_latency_cure,frequentist_cure_main,coxph,cox_ph,nocure_coxph,fit_and_prediction_failed,failed,not_attempted,fit_failed,NA,0,TRUE/FALSE가 필요한 곳에 값이 없습니다,NA
135,PNU,interaction,site_free,age_sex_interaction,cure_coxlatency,semiparametric_cox_latency_cure,frequentist_cure_main,coxph,cox_ph,nocure_coxph,fit_and_prediction_failed,failed,not_attempted,fit_failed,NA,0,인자 mu는 반드시 비어있지 않은 수치형 벡터이어야 합니다,NA
138,PNU,interaction,site_free,age_sex_interaction,cure_aft_sensitivity,aft_latency_cure_sensitivity,frequentist_cure_sensitivity,aft,aft_semiparametric,NA,fit_and_prediction_failed,failed,not_attempted,fit_failed,NA,0,파라미터의 초기값으로 함수를 계산할 수는 없습니다,NA
153,PNU,interaction,site_free,age_sex_interaction,cure_coxlatency,semiparametric_cox_latency_cure,frequentist_cure_main,coxph,cox_ph,nocure_coxph,fit_and_prediction_failed,failed,not_attempted,fit_failed,NA,1,TRUE/FALSE가 필요한 곳에 값이 없습니다,Loglik converged before variable  2 ; coefficient may be infinite. 
156,SNU,interaction,site_free,age_sex_interaction,cure_aft_sensitivity,aft_latency_cure_sensitivity,frequentist_cure_sensitivity,aft,aft_semiparametric,NA,fit_and_prediction_failed,failed,not_attempted,fit_failed,NA,1,파라미터의 초기값으로 함수를 계산할 수는 없습니다,glm.fit: 알고리즘이 수렴하지 않았습니다
157,SNU,interaction,site_free,age_sex_interaction,cure_aft_sensitivity,aft_latency_cure_sensitivity,frequentist_cure_sensitivity,aft,aft_semiparametric,NA,fit_and_prediction_failed,failed,not_attempted,fit_failed,NA,0,파라미터의 초기값으로 함수를 계산할 수는 없습니다,NA
161,PNU,base,site_free,no_age_sex_interaction,cure_coxlatency,semiparametric_cox_latency_cure,frequentist_cure_main,coxph,cox_ph,nocure_coxph,fit_and_prediction_failed,failed,not_attempted,fit_failed,NA,0,인자 mu는 반드시 비어있지 않은 수치형 벡터이어야 합니다,NA
161,PNU,interaction,site_free,age_sex_interaction,cure_coxlatency,semiparametric_cox_latency_cure,frequentist_cure_main,coxph,cox_ph,nocure_coxph,fit_and_prediction_failed,failed,not_attempted,fit_failed,NA,0,인자 mu는 반드시 비어있지 않은 수치형 벡터이어야 합니다,NA
165,PNU,interaction,site_free,age_sex_interaction,cure_coxlatency,semiparametric_cox_latency_cure,frequentist_cure_main,coxph,cox_ph,nocure_coxph,fit_and_prediction_failed,failed,not_attempted,fit_failed,NA,1,인자 mu는 반드시 비어있지 않은 수치형 벡터이어야 합니다,Loglik converged before variable  2 ; coefficient may be infinite. 
167,PNU,interaction,site_free,age_sex_interaction,cure_coxlatency,semiparametric_cox_latency_cure,frequentist_cure_main,coxph,cox_ph,nocure_coxph,fit_and_prediction_failed,failed,not_attempted,fit_failed,NA,1,TRUE/FALSE가 필요한 곳에 값이 없습니다,Loglik converged before variable  2 ; coefficient may be infinite. 
173,PNU,interaction,site_free,age_sex_interaction,cure_coxlatency,semiparametric_cox_latency_cure,frequentist_cure_main,coxph,cox_ph,nocure_coxph,fit_and_prediction_failed,failed,not_attempted,fit_failed,NA,0,TRUE/FALSE가 필요한 곳에 값이 없습니다,NA
177,PNU,interaction,site_free,age_sex_interaction,cure_coxlatency,semiparametric_cox_latency_cure,frequentist_cure_main,coxph,cox_ph,nocure_coxph,fit_and_prediction_failed,failed,not_attempted,fit_failed,NA,1,인자 mu는 반드시 비어있지 않은 수치형 벡터이어야 합니다,Loglik converged before variable  2 ; coefficient may be infinite. 
186,SNU,interaction,site_free,age_sex_interaction,cure_aft_sensitivity,aft_latency_cure_sensitivity,frequentist_cure_sensitivity,aft,aft_semiparametric,NA,fit_and_prediction_failed,failed,not_attempted,fit_failed,NA,0,파라미터의 초기값으로 함수를 계산할 수는 없습니다,NA
187,SNU,interaction,site_free,age_sex_interaction,cure_aft_sensitivity,aft_latency_cure_sensitivity,frequentist_cure_sensitivity,aft,aft_semiparametric,NA,fit_and_prediction_failed,failed,not_attempted,fit_failed,NA,0,파라미터의 초기값으로 함수를 계산할 수는 없습니다,NA
190,PNU,interaction,site_free,age_sex_interaction,cure_aft_sensitivity,aft_latency_cure_sensitivity,frequentist_cure_sensitivity,aft,aft_semiparametric,NA,fit_and_prediction_failed,failed,not_attempted,fit_failed,NA,0,파라미터의 초기값으로 함수를 계산할 수는 없습니다,NA
192,PNU,interaction,site_free,age_sex_interaction,cure_coxlatency,semiparametric_cox_latency_cure,frequentist_cure_main,coxph,cox_ph,nocure_coxph,fit_and_prediction_failed,failed,not_attempted,fit_failed,NA,1,No (non-missing) observations,Ran out of iterations and did not converge
195,PNU,base,site_free,no_age_sex_interaction,cure_aft_sensitivity,aft_latency_cure_sensitivity,frequentist_cure_sensitivity,aft,aft_semiparametric,NA,fit_and_prediction_failed,failed,not_attempted,fit_failed,NA,1,파라미터의 초기값으로 함수를 계산할 수는 없습니다,glm.fit: 알고리즘이 수렴하지 않았습니다
203,PNU,interaction,site_free,age_sex_interaction,cure_aft_sensitivity,aft_latency_cure_sensitivity,frequentist_cure_sensitivity,aft,aft_semiparametric,NA,fit_and_prediction_failed,failed,not_attempted,fit_failed,NA,1,파라미터의 초기값으로 함수를 계산할 수는 없습니다,glm.fit: 알고리즘이 수렴하지 않았습니다
210,PNU,interaction,site_free,age_sex_interaction,cure_aft_sensitivity,aft_latency_cure_sensitivity,frequentist_cure_sensitivity,aft,aft_semiparametric,NA,fit_and_prediction_failed,failed,not_attempted,fit_failed,NA,0,파라미터의 초기값으로 함수를 계산할 수는 없습니다,NA
211,PNU,interaction,site_free,age_sex_interaction,cure_coxlatency,semiparametric_cox_latency_cure,frequentist_cure_main,coxph,cox_ph,nocure_coxph,fit_and_prediction_failed,failed,not_attempted,fit_failed,NA,0,TRUE/FALSE가 필요한 곳에 값이 없습니다,NA
214,PNU,interaction,site_free,age_sex_interaction,cure_aft_sensitivity,aft_latency_cure_sensitivity,frequentist_cure_sensitivity,aft,aft_semiparametric,NA,fit_and_prediction_failed,failed,not_attempted,fit_failed,NA,0,파라미터의 초기값으로 함수를 계산할 수는 없습니다,NA
220,PNU,interaction,site_free,age_sex_interaction,cure_coxlatency,semiparametric_cox_latency_cure,frequentist_cure_main,coxph,cox_ph,nocure_coxph,fit_and_prediction_failed,failed,not_attempted,fit_failed,NA,0,인자 mu는 반드시 비어있지 않은 수치형 벡터이어야 합니다,NA
226,PNU,base,site_free,no_age_sex_interaction,cure_coxlatency,semiparametric_cox_latency_cure,frequentist_cure_main,coxph,cox_ph,nocure_coxph,fit_and_prediction_failed,failed,not_attempted,fit_failed,NA,2,TRUE/FALSE가 필요한 곳에 값이 없습니다,Ran out of iterations and did not converge | one or more coefficients may be infinite
226,PNU,interaction,site_free,age_sex_interaction,cure_coxlatency,semiparametric_cox_latency_cure,frequentist_cure_main,coxph,cox_ph,nocure_coxph,fit_and_prediction_failed,failed,not_attempted,fit_failed,NA,2,TRUE/FALSE가 필요한 곳에 값이 없습니다,Ran out of iterations and did not converge | one or more coefficients may be infinite
226,merged,interaction_sitefree,site_free,age_sex_interaction,cure_aft_sensitivity,aft_latency_cure_sensitivity,frequentist_cure_sensitivity,aft,aft_semiparametric,NA,fit_and_prediction_failed,failed,not_attempted,fit_failed,NA,0,파라미터의 초기값으로 함수를 계산할 수는 없습니다,NA
238,PNU,base,site_free,no_age_sex_interaction,cure_aft_sensitivity,aft_latency_cure_sensitivity,frequentist_cure_sensitivity,aft,aft_semiparametric,NA,fit_and_prediction_failed,failed,not_attempted,fit_failed,NA,0,파라미터의 초기값으로 함수를 계산할 수는 없습니다,NA
238,PNU,interaction,site_free,age_sex_interaction,cure_aft_sensitivity,aft_latency_cure_sensitivity,frequentist_cure_sensitivity,aft,aft_semiparametric,NA,fit_and_prediction_failed,failed,not_attempted,fit_failed,NA,1,파라미터의 초기값으로 함수를 계산할 수는 없습니다,glm.fit: 알고리즘이 수렴하지 않았습니다
238,PNU,interaction,site_free,age_sex_interaction,cure_coxlatency,semiparametric_cox_latency_cure,frequentist_cure_main,coxph,cox_ph,nocure_coxph,fit_and_prediction_failed,failed,not_attempted,fit_failed,NA,2,TRUE/FALSE가 필요한 곳에 값이 없습니다,"Loglik converged before variable  2,3 ; coefficient may be infinite.  | Ran out of iterations and did not converge"
239,PNU,interaction,site_free,age_sex_interaction,cure_coxlatency,semiparametric_cox_latency_cure,frequentist_cure_main,coxph,cox_ph,nocure_coxph,fit_and_prediction_failed,failed,not_attempted,fit_failed,NA,0,인자 mu는 반드시 비어있지 않은 수치형 벡터이어야 합니다,NA
249,PNU,interaction,site_free,age_sex_interaction,cure_coxlatency,semiparametric_cox_latency_cure,frequentist_cure_main,coxph,cox_ph,nocure_coxph,fit_and_prediction_failed,failed,not_attempted,fit_failed,NA,0,인자 mu는 반드시 비어있지 않은 수치형 벡터이어야 합니다,NA
250,PNU,base,site_free,no_age_sex_interaction,cure_aft_sensitivity,aft_latency_cure_sensitivity,frequentist_cure_sensitivity,aft,aft_semiparametric,NA,fit_and_prediction_failed,failed,not_attempted,fit_failed,NA,1,파라미터의 초기값으로 함수를 계산할 수는 없습니다,glm.fit: 알고리즘이 수렴하지 않았습니다
261,PNU,interaction,site_free,age_sex_interaction,cure_aft_sensitivity,aft_latency_cure_sensitivity,frequentist_cure_sensitivity,aft,aft_semiparametric,NA,fit_and_prediction_failed,failed,not_attempted,fit_failed,NA,0,파라미터의 초기값으로 함수를 계산할 수는 없습니다,NA
266,SNU,interaction,site_free,age_sex_interaction,cure_aft_sensitivity,aft_latency_cure_sensitivity,frequentist_cure_sensitivity,aft,aft_semiparametric,NA,fit_and_prediction_failed,failed,not_attempted,fit_failed,NA,0,파라미터의 초기값으로 함수를 계산할 수는 없습니다,NA
270,merged,interaction_sitefree,site_free,age_sex_interaction,cure_aft_sensitivity,aft_latency_cure_sensitivity,frequentist_cure_sensitivity,aft,aft_semiparametric,NA,fit_and_prediction_failed,failed,not_attempted,fit_failed,NA,0,파라미터의 초기값으로 함수를 계산할 수는 없습니다,NA
271,PNU,interaction,site_free,age_sex_interaction,cure_coxlatency,semiparametric_cox_latency_cure,frequentist_cure_main,coxph,cox_ph,nocure_coxph,fit_and_prediction_failed,failed,not_attempted,fit_failed,NA,2,infinite argument in coxph.wtest,Ran out of iterations and did not converge | one or more coefficients may be infinite
280,PNU,interaction,site_free,age_sex_interaction,cure_aft_sensitivity,aft_latency_cure_sensitivity,frequentist_cure_sensitivity,aft,aft_semiparametric,NA,fit_and_prediction_failed,failed,not_attempted,fit_failed,NA,1,파라미터의 초기값으로 함수를 계산할 수는 없습니다,glm.fit: 알고리즘이 수렴하지 않았습니다
280,PNU,interaction,site_free,age_sex_interaction,cure_coxlatency,semiparametric_cox_latency_cure,frequentist_cure_main,coxph,cox_ph,nocure_coxph,fit_and_prediction_failed,failed,not_attempted,fit_failed,NA,0,TRUE/FALSE가 필요한 곳에 값이 없습니다,NA
284,PNU,interaction,site_free,age_sex_interaction,cure_coxlatency,semiparametric_cox_latency_cure,frequentist_cure_main,coxph,cox_ph,nocure_coxph,fit_and_prediction_failed,failed,not_attempted,fit_failed,NA,1,TRUE/FALSE가 필요한 곳에 값이 없습니다,Ran out of iterations and did not converge
285,PNU,interaction,site_free,age_sex_interaction,cure_coxlatency,semiparametric_cox_latency_cure,frequentist_cure_main,coxph,cox_ph,nocure_coxph,fit_and_prediction_failed,failed,not_attempted,fit_failed,NA,1,TRUE/FALSE가 필요한 곳에 값이 없습니다,"Loglik converged before variable  2,3 ; coefficient may be infinite. "
287,PNU,interaction,site_free,age_sex_interaction,cure_aft_sensitivity,aft_latency_cure_sensitivity,frequentist_cure_sensitivity,aft,aft_semiparametric,NA,fit_and_prediction_failed,failed,not_attempted,fit_failed,NA,0,파라미터의 초기값으로 함수를 계산할 수는 없습니다,NA
289,merged,interaction_siteadjusted,site_adjusted,age_sex_interaction,cure_aft_sensitivity,aft_latency_cure_sensitivity,frequentist_cure_sensitivity,aft,aft_semiparametric,NA,fit_and_prediction_failed,failed,not_attempted,fit_failed,NA,0,파라미터의 초기값으로 함수를 계산할 수는 없습니다,NA
293,PNU,interaction,site_free,age_sex_interaction,cure_aft_sensitivity,aft_latency_cure_sensitivity,frequentist_cure_sensitivity,aft,aft_semiparametric,NA,fit_and_prediction_failed,failed,not_attempted,fit_failed,NA,0,파라미터의 초기값으로 함수를 계산할 수는 없습니다,NA
294,PNU,interaction,site_free,age_sex_interaction,cure_coxlatency,semiparametric_cox_latency_cure,frequentist_cure_main,coxph,cox_ph,nocure_coxph,fit_and_prediction_failed,failed,not_attempted,fit_failed,NA,1,TRUE/FALSE가 필요한 곳에 값이 없습니다,Ran out of iterations and did not converge
300,PNU,interaction,site_free,age_sex_interaction,cure_coxlatency,semiparametric_cox_latency_cure,frequentist_cure_main,coxph,cox_ph,nocure_coxph,fit_and_prediction_failed,failed,not_attempted,fit_failed,NA,1,인자 mu는 반드시 비어있지 않은 수치형 벡터이어야 합니다,Loglik converged before variable  2 ; coefficient may be infinite. 
300,merged,interaction_sitefree,site_free,age_sex_interaction,cure_aft_sensitivity,aft_latency_cure_sensitivity,frequentist_cure_sensitivity,aft,aft_semiparametric,NA,fit_and_prediction_failed,failed,not_attempted,fit_failed,NA,0,파라미터의 초기값으로 함수를 계산할 수는 없습니다,NA
301,PNU,interaction,site_free,age_sex_interaction,cure_aft_sensitivity,aft_latency_cure_sensitivity,frequentist_cure_sensitivity,aft,aft_semiparametric,NA,fit_and_prediction_failed,failed,not_attempted,fit_failed,NA,1,파라미터의 초기값으로 함수를 계산할 수는 없습니다,glm.fit: 알고리즘이 수렴하지 않았습니다
301,PNU,interaction,site_free,age_sex_interaction,cure_coxlatency,semiparametric_cox_latency_cure,frequentist_cure_main,coxph,cox_ph,nocure_coxph,fit_and_prediction_failed,failed,not_attempted,fit_failed,NA,3,TRUE/FALSE가 필요한 곳에 값이 없습니다,"Loglik converged before variable  2,3 ; coefficient may be infinite.  | Ran out of iterations and did not converge | glm.fit: 알고리즘이 수렴하지 않았습니다"
302,PNU,interaction,site_free,age_sex_interaction,cure_aft_sensitivity,aft_latency_cure_sensitivity,frequentist_cure_sensitivity,aft,aft_semiparametric,NA,fit_and_prediction_failed,failed,not_attempted,fit_failed,NA,1,파라미터의 초기값으로 함수를 계산할 수는 없습니다,glm.fit: 알고리즘이 수렴하지 않았습니다
302,PNU,interaction,site_free,age_sex_interaction,cure_coxlatency,semiparametric_cox_latency_cure,frequentist_cure_main,coxph,cox_ph,nocure_coxph,fit_and_prediction_failed,failed,not_attempted,fit_failed,NA,0,TRUE/FALSE가 필요한 곳에 값이 없습니다,NA
306,PNU,interaction,site_free,age_sex_interaction,cure_coxlatency,semiparametric_cox_latency_cure,frequentist_cure_main,coxph,cox_ph,nocure_coxph,fit_and_prediction_failed,failed,not_attempted,fit_failed,NA,0,인자 mu는 반드시 비어있지 않은 수치형 벡터이어야 합니다,NA
309,PNU,interaction,site_free,age_sex_interaction,cure_coxlatency,semiparametric_cox_latency_cure,frequentist_cure_main,coxph,cox_ph,nocure_coxph,fit_and_prediction_failed,failed,not_attempted,fit_failed,NA,1,No (non-missing) observations,Ran out of iterations and did not converge
317,PNU,interaction,site_free,age_sex_interaction,cure_aft_sensitivity,aft_latency_cure_sensitivity,frequentist_cure_sensitivity,aft,aft_semiparametric,NA,fit_and_prediction_failed,failed,not_attempted,fit_failed,NA,1,파라미터의 초기값으로 함수를 계산할 수는 없습니다,glm.fit: 알고리즘이 수렴하지 않았습니다
318,merged,interaction_siteadjusted,site_adjusted,age_sex_interaction,cure_aft_sensitivity,aft_latency_cure_sensitivity,frequentist_cure_sensitivity,aft,aft_semiparametric,NA,fit_and_prediction_failed,failed,not_attempted,fit_failed,NA,0,파라미터의 초기값으로 함수를 계산할 수는 없습니다,NA
328,SNU,interaction,site_free,age_sex_interaction,cure_aft_sensitivity,aft_latency_cure_sensitivity,frequentist_cure_sensitivity,aft,aft_semiparametric,NA,fit_and_prediction_failed,failed,not_attempted,fit_failed,NA,0,파라미터의 초기값으로 함수를 계산할 수는 없습니다,NA
329,PNU,interaction,site_free,age_sex_interaction,cure_aft_sensitivity,aft_latency_cure_sensitivity,frequentist_cure_sensitivity,aft,aft_semiparametric,NA,fit_and_prediction_failed,failed,not_attempted,fit_failed,NA,0,파라미터의 초기값으로 함수를 계산할 수는 없습니다,NA
339,PNU,interaction,site_free,age_sex_interaction,cure_aft_sensitivity,aft_latency_cure_sensitivity,frequentist_cure_sensitivity,aft,aft_semiparametric,NA,fit_and_prediction_failed,failed,not_attempted,fit_failed,NA,0,파라미터의 초기값으로 함수를 계산할 수는 없습니다,NA
340,PNU,interaction,site_free,age_sex_interaction,cure_aft_sensitivity,aft_latency_cure_sensitivity,frequentist_cure_sensitivity,aft,aft_semiparametric,NA,fit_and_prediction_failed,failed,not_attempted,fit_failed,NA,0,파라미터의 초기값으로 함수를 계산할 수는 없습니다,NA
346,PNU,interaction,site_free,age_sex_interaction,cure_coxlatency,semiparametric_cox_latency_cure,frequentist_cure_main,coxph,cox_ph,nocure_coxph,fit_and_prediction_failed,failed,not_attempted,fit_failed,NA,1,TRUE/FALSE가 필요한 곳에 값이 없습니다,Ran out of iterations and did not converge
350,PNU,interaction,site_free,age_sex_interaction,cure_aft_sensitivity,aft_latency_cure_sensitivity,frequentist_cure_sensitivity,aft,aft_semiparametric,NA,fit_and_prediction_failed,failed,not_attempted,fit_failed,NA,0,파라미터의 초기값으로 함수를 계산할 수는 없습니다,NA
353,PNU,interaction,site_free,age_sex_interaction,cure_coxlatency,semiparametric_cox_latency_cure,frequentist_cure_main,coxph,cox_ph,nocure_coxph,fit_and_prediction_failed,failed,not_attempted,fit_failed,NA,1,인자 mu는 반드시 비어있지 않은 수치형 벡터이어야 합니다,Loglik converged before variable  2 ; coefficient may be infinite. 
354,PNU,base,site_free,no_age_sex_interaction,cure_aft_sensitivity,aft_latency_cure_sensitivity,frequentist_cure_sensitivity,aft,aft_semiparametric,NA,fit_and_prediction_failed,failed,not_attempted,fit_failed,NA,0,파라미터의 초기값으로 함수를 계산할 수는 없습니다,NA
354,PNU,interaction,site_free,age_sex_interaction,cure_aft_sensitivity,aft_latency_cure_sensitivity,frequentist_cure_sensitivity,aft,aft_semiparametric,NA,fit_and_prediction_failed,failed,not_attempted,fit_failed,NA,0,파라미터의 초기값으로 함수를 계산할 수는 없습니다,NA
362,PNU,interaction,site_free,age_sex_interaction,cure_coxlatency,semiparametric_cox_latency_cure,frequentist_cure_main,coxph,cox_ph,nocure_coxph,fit_and_prediction_failed,failed,not_attempted,fit_failed,NA,0,인자 mu는 반드시 비어있지 않은 수치형 벡터이어야 합니다,NA
379,PNU,interaction,site_free,age_sex_interaction,cure_coxlatency,semiparametric_cox_latency_cure,frequentist_cure_main,coxph,cox_ph,nocure_coxph,fit_and_prediction_failed,failed,not_attempted,fit_failed,NA,1,TRUE/FALSE가 필요한 곳에 값이 없습니다,Ran out of iterations and did not converge
389,PNU,interaction,site_free,age_sex_interaction,cure_aft_sensitivity,aft_latency_cure_sensitivity,frequentist_cure_sensitivity,aft,aft_semiparametric,NA,fit_and_prediction_failed,failed,not_attempted,fit_failed,NA,0,파라미터의 초기값으로 함수를 계산할 수는 없습니다,NA
391,PNU,interaction,site_free,age_sex_interaction,cure_coxlatency,semiparametric_cox_latency_cure,frequentist_cure_main,coxph,cox_ph,nocure_coxph,fit_and_prediction_failed,failed,not_attempted,fit_failed,NA,2,TRUE/FALSE가 필요한 곳에 값이 없습니다,"Ran out of iterations and did not converge | Loglik converged before variable  2,3 ; coefficient may be infinite. "
396,PNU,interaction,site_free,age_sex_interaction,cure_aft_sensitivity,aft_latency_cure_sensitivity,frequentist_cure_sensitivity,aft,aft_semiparametric,NA,fit_and_prediction_failed,failed,not_attempted,fit_failed,NA,1,파라미터의 초기값으로 함수를 계산할 수는 없습니다,glm.fit: 알고리즘이 수렴하지 않았습니다
397,PNU,base,site_free,no_age_sex_interaction,cure_aft_sensitivity,aft_latency_cure_sensitivity,frequentist_cure_sensitivity,aft,aft_semiparametric,NA,fit_and_prediction_failed,failed,not_attempted,fit_failed,NA,0,파라미터의 초기값으로 함수를 계산할 수는 없습니다,NA
397,PNU,interaction,site_free,age_sex_interaction,cure_coxlatency,semiparametric_cox_latency_cure,frequentist_cure_main,coxph,cox_ph,nocure_coxph,fit_and_prediction_failed,failed,not_attempted,fit_failed,NA,2,TRUE/FALSE가 필요한 곳에 값이 없습니다,"Loglik converged before variable  2,3 ; coefficient may be infinite.  | Ran out of iterations and did not converge"
414,PNU,interaction,site_free,age_sex_interaction,cure_coxlatency,semiparametric_cox_latency_cure,frequentist_cure_main,coxph,cox_ph,nocure_coxph,fit_and_prediction_failed,failed,not_attempted,fit_failed,NA,2,TRUE/FALSE가 필요한 곳에 값이 없습니다,Ran out of iterations and did not converge | glm.fit: 알고리즘이 수렴하지 않았습니다
417,PNU,base,site_free,no_age_sex_interaction,cure_aft_sensitivity,aft_latency_cure_sensitivity,frequentist_cure_sensitivity,aft,aft_semiparametric,NA,fit_and_prediction_failed,failed,not_attempted,fit_failed,NA,1,파라미터의 초기값으로 함수를 계산할 수는 없습니다,glm.fit: 알고리즘이 수렴하지 않았습니다
417,PNU,interaction,site_free,age_sex_interaction,cure_aft_sensitivity,aft_latency_cure_sensitivity,frequentist_cure_sensitivity,aft,aft_semiparametric,NA,fit_and_prediction_failed,failed,not_attempted,fit_failed,NA,0,파라미터의 초기값으로 함수를 계산할 수는 없습니다,NA
418,PNU,interaction,site_free,age_sex_interaction,cure_aft_sensitivity,aft_latency_cure_sensitivity,frequentist_cure_sensitivity,aft,aft_semiparametric,NA,fit_and_prediction_failed,failed,not_attempted,fit_failed,NA,0,파라미터의 초기값으로 함수를 계산할 수는 없습니다,NA
421,SNU,interaction,site_free,age_sex_interaction,cure_aft_sensitivity,aft_latency_cure_sensitivity,frequentist_cure_sensitivity,aft,aft_semiparametric,NA,fit_and_prediction_failed,failed,not_attempted,fit_failed,NA,0,파라미터의 초기값으로 함수를 계산할 수는 없습니다,NA
423,PNU,interaction,site_free,age_sex_interaction,cure_coxlatency,semiparametric_cox_latency_cure,frequentist_cure_main,coxph,cox_ph,nocure_coxph,fit_and_prediction_failed,failed,not_attempted,fit_failed,NA,1,인자 mu는 반드시 비어있지 않은 수치형 벡터이어야 합니다,Loglik converged before variable  2 ; coefficient may be infinite. 
425,PNU,interaction,site_free,age_sex_interaction,cure_coxlatency,semiparametric_cox_latency_cure,frequentist_cure_main,coxph,cox_ph,nocure_coxph,fit_and_prediction_failed,failed,not_attempted,fit_failed,NA,0,TRUE/FALSE가 필요한 곳에 값이 없습니다,NA
440,merged,interaction_siteadjusted,site_adjusted,age_sex_interaction,cure_aft_sensitivity,aft_latency_cure_sensitivity,frequentist_cure_sensitivity,aft,aft_semiparametric,NA,fit_and_prediction_failed,failed,not_attempted,fit_failed,NA,0,파라미터의 초기값으로 함수를 계산할 수는 없습니다,NA
441,PNU,interaction,site_free,age_sex_interaction,cure_coxlatency,semiparametric_cox_latency_cure,frequentist_cure_main,coxph,cox_ph,nocure_coxph,fit_and_prediction_failed,failed,not_attempted,fit_failed,NA,1,TRUE/FALSE가 필요한 곳에 값이 없습니다,Ran out of iterations and did not converge
444,PNU,interaction,site_free,age_sex_interaction,cure_coxlatency,semiparametric_cox_latency_cure,frequentist_cure_main,coxph,cox_ph,nocure_coxph,fit_and_prediction_failed,failed,not_attempted,fit_failed,NA,2,No (non-missing) observations,Ran out of iterations and did not converge | one or more coefficients may be infinite
445,PNU,interaction,site_free,age_sex_interaction,cure_aft_sensitivity,aft_latency_cure_sensitivity,frequentist_cure_sensitivity,aft,aft_semiparametric,NA,fit_and_prediction_failed,failed,not_attempted,fit_failed,NA,0,파라미터의 초기값으로 함수를 계산할 수는 없습니다,NA
445,PNU,interaction,site_free,age_sex_interaction,cure_coxlatency,semiparametric_cox_latency_cure,frequentist_cure_main,coxph,cox_ph,nocure_coxph,fit_and_prediction_failed,failed,not_attempted,fit_failed,NA,0,TRUE/FALSE가 필요한 곳에 값이 없습니다,NA
447,PNU,interaction,site_free,age_sex_interaction,cure_aft_sensitivity,aft_latency_cure_sensitivity,frequentist_cure_sensitivity,aft,aft_semiparametric,NA,fit_and_prediction_failed,failed,not_attempted,fit_failed,NA,0,파라미터의 초기값으로 함수를 계산할 수는 없습니다,NA
448,PNU,interaction,site_free,age_sex_interaction,cure_aft_sensitivity,aft_latency_cure_sensitivity,frequentist_cure_sensitivity,aft,aft_semiparametric,NA,fit_and_prediction_failed,failed,not_attempted,fit_failed,NA,1,파라미터의 초기값으로 함수를 계산할 수는 없습니다,glm.fit: 알고리즘이 수렴하지 않았습니다
448,PNU,interaction,site_free,age_sex_interaction,cure_coxlatency,semiparametric_cox_latency_cure,frequentist_cure_main,coxph,cox_ph,nocure_coxph,fit_and_prediction_failed,failed,not_attempted,fit_failed,NA,0,인자 mu는 반드시 비어있지 않은 수치형 벡터이어야 합니다,NA
449,PNU,interaction,site_free,age_sex_interaction,cure_coxlatency,semiparametric_cox_latency_cure,frequentist_cure_main,coxph,cox_ph,nocure_coxph,fit_and_prediction_failed,failed,not_attempted,fit_failed,NA,0,인자 mu는 반드시 비어있지 않은 수치형 벡터이어야 합니다,NA
459,PNU,interaction,site_free,age_sex_interaction,cure_aft_sensitivity,aft_latency_cure_sensitivity,frequentist_cure_sensitivity,aft,aft_semiparametric,NA,fit_and_prediction_failed,failed,not_attempted,fit_failed,NA,0,파라미터의 초기값으로 함수를 계산할 수는 없습니다,NA
463,SNU,interaction,site_free,age_sex_interaction,cure_aft_sensitivity,aft_latency_cure_sensitivity,frequentist_cure_sensitivity,aft,aft_semiparametric,NA,fit_and_prediction_failed,failed,not_attempted,fit_failed,NA,0,파라미터의 초기값으로 함수를 계산할 수는 없습니다,NA
468,PNU,interaction,site_free,age_sex_interaction,cure_coxlatency,semiparametric_cox_latency_cure,frequentist_cure_main,coxph,cox_ph,nocure_coxph,fit_and_prediction_failed,failed,not_attempted,fit_failed,NA,0,인자 mu는 반드시 비어있지 않은 수치형 벡터이어야 합니다,NA
481,merged,interaction_sitefree,site_free,age_sex_interaction,cure_aft_sensitivity,aft_latency_cure_sensitivity,frequentist_cure_sensitivity,aft,aft_semiparametric,NA,fit_and_prediction_failed,failed,not_attempted,fit_failed,NA,0,파라미터의 초기값으로 함수를 계산할 수는 없습니다,NA
487,PNU,interaction,site_free,age_sex_interaction,cure_coxlatency,semiparametric_cox_latency_cure,frequentist_cure_main,coxph,cox_ph,nocure_coxph,fit_and_prediction_failed,failed,not_attempted,fit_failed,NA,0,TRUE/FALSE가 필요한 곳에 값이 없습니다,NA
488,PNU,interaction,site_free,age_sex_interaction,cure_aft_sensitivity,aft_latency_cure_sensitivity,frequentist_cure_sensitivity,aft,aft_semiparametric,NA,fit_and_prediction_failed,failed,not_attempted,fit_failed,NA,1,파라미터의 초기값으로 함수를 계산할 수는 없습니다,glm.fit: 알고리즘이 수렴하지 않았습니다
489,PNU,base,site_free,no_age_sex_interaction,cure_coxlatency,semiparametric_cox_latency_cure,frequentist_cure_main,coxph,cox_ph,nocure_coxph,fit_and_prediction_failed,failed,not_attempted,fit_failed,NA,0,인자 mu는 반드시 비어있지 않은 수치형 벡터이어야 합니다,NA
489,PNU,interaction,site_free,age_sex_interaction,cure_coxlatency,semiparametric_cox_latency_cure,frequentist_cure_main,coxph,cox_ph,nocure_coxph,fit_and_prediction_failed,failed,not_attempted,fit_failed,NA,0,인자 mu는 반드시 비어있지 않은 수치형 벡터이어야 합니다,NA
491,PNU,interaction,site_free,age_sex_interaction,cure_aft_sensitivity,aft_latency_cure_sensitivity,frequentist_cure_sensitivity,aft,aft_semiparametric,NA,fit_and_prediction_failed,failed,not_attempted,fit_failed,NA,0,파라미터의 초기값으로 함수를 계산할 수는 없습니다,NA
491,PNU,interaction,site_free,age_sex_interaction,cure_coxlatency,semiparametric_cox_latency_cure,frequentist_cure_main,coxph,cox_ph,nocure_coxph,fit_and_prediction_failed,failed,not_attempted,fit_failed,NA,0,TRUE/FALSE가 필요한 곳에 값이 없습니다,NA
496,PNU,interaction,site_free,age_sex_interaction,cure_coxlatency,semiparametric_cox_latency_cure,frequentist_cure_main,coxph,cox_ph,nocure_coxph,fit_and_prediction_failed,failed,not_attempted,fit_failed,NA,0,인자 mu는 반드시 비어있지 않은 수치형 벡터이어야 합니다,NA
506,PNU,interaction,site_free,age_sex_interaction,cure_coxlatency,semiparametric_cox_latency_cure,frequentist_cure_main,coxph,cox_ph,nocure_coxph,fit_and_prediction_failed,failed,not_attempted,fit_failed,NA,2,TRUE/FALSE가 필요한 곳에 값이 없습니다,Ran out of iterations and did not converge | one or more coefficients may be infinite
507,PNU,base,site_free,no_age_sex_interaction,cure_coxlatency,semiparametric_cox_latency_cure,frequentist_cure_main,coxph,cox_ph,nocure_coxph,fit_and_prediction_failed,failed,not_attempted,fit_failed,NA,2,TRUE/FALSE가 필요한 곳에 값이 없습니다,Ran out of iterations and did not converge | glm.fit: 알고리즘이 수렴하지 않았습니다
510,PNU,base,site_free,no_age_sex_interaction,cure_aft_sensitivity,aft_latency_cure_sensitivity,frequentist_cure_sensitivity,aft,aft_semiparametric,NA,fit_and_prediction_failed,failed,not_attempted,fit_failed,NA,1,파라미터의 초기값으로 함수를 계산할 수는 없습니다,glm.fit: 알고리즘이 수렴하지 않았습니다
510,PNU,interaction,site_free,age_sex_interaction,cure_coxlatency,semiparametric_cox_latency_cure,frequentist_cure_main,coxph,cox_ph,nocure_coxph,fit_and_prediction_failed,failed,not_attempted,fit_failed,NA,2,TRUE/FALSE가 필요한 곳에 값이 없습니다,"Loglik converged before variable  2,3 ; coefficient may be infinite.  | Ran out of iterations and did not converge"
511,PNU,interaction,site_free,age_sex_interaction,cure_coxlatency,semiparametric_cox_latency_cure,frequentist_cure_main,coxph,cox_ph,nocure_coxph,fit_and_prediction_failed,failed,not_attempted,fit_failed,NA,1,TRUE/FALSE가 필요한 곳에 값이 없습니다,Ran out of iterations and did not converge
514,merged,interaction_sitefree,site_free,age_sex_interaction,cure_aft_sensitivity,aft_latency_cure_sensitivity,frequentist_cure_sensitivity,aft,aft_semiparametric,NA,fit_and_prediction_failed,failed,not_attempted,fit_failed,NA,0,파라미터의 초기값으로 함수를 계산할 수는 없습니다,NA
522,SNU,interaction,site_free,age_sex_interaction,cure_aft_sensitivity,aft_latency_cure_sensitivity,frequentist_cure_sensitivity,aft,aft_semiparametric,NA,fit_and_prediction_failed,failed,not_attempted,fit_failed,NA,1,파라미터의 초기값으로 함수를 계산할 수는 없습니다,glm.fit: 알고리즘이 수렴하지 않았습니다
526,PNU,base,site_free,no_age_sex_interaction,cure_aft_sensitivity,aft_latency_cure_sensitivity,frequentist_cure_sensitivity,aft,aft_semiparametric,NA,fit_and_prediction_failed,failed,not_attempted,fit_failed,NA,1,파라미터의 초기값으로 함수를 계산할 수는 없습니다,glm.fit: 알고리즘이 수렴하지 않았습니다
526,PNU,interaction,site_free,age_sex_interaction,cure_aft_sensitivity,aft_latency_cure_sensitivity,frequentist_cure_sensitivity,aft,aft_semiparametric,NA,fit_and_prediction_failed,failed,not_attempted,fit_failed,NA,0,파라미터의 초기값으로 함수를 계산할 수는 없습니다,NA
526,PNU,interaction,site_free,age_sex_interaction,cure_coxlatency,semiparametric_cox_latency_cure,frequentist_cure_main,coxph,cox_ph,nocure_coxph,fit_and_prediction_failed,failed,not_attempted,fit_failed,NA,2,TRUE/FALSE가 필요한 곳에 값이 없습니다,"Loglik converged before variable  2,3 ; coefficient may be infinite.  | Ran out of iterations and did not converge"
527,PNU,interaction,site_free,age_sex_interaction,cure_coxlatency,semiparametric_cox_latency_cure,frequentist_cure_main,coxph,cox_ph,nocure_coxph,fit_and_prediction_failed,failed,not_attempted,fit_failed,NA,2,TRUE/FALSE가 필요한 곳에 값이 없습니다,Ran out of iterations and did not converge | one or more coefficients may be infinite
532,SNU,interaction,site_free,age_sex_interaction,cure_aft_sensitivity,aft_latency_cure_sensitivity,frequentist_cure_sensitivity,aft,aft_semiparametric,NA,fit_and_prediction_failed,failed,not_attempted,fit_failed,NA,0,파라미터의 초기값으로 함수를 계산할 수는 없습니다,NA
558,SNU,interaction,site_free,age_sex_interaction,cure_aft_sensitivity,aft_latency_cure_sensitivity,frequentist_cure_sensitivity,aft,aft_semiparametric,NA,fit_and_prediction_failed,failed,not_attempted,fit_failed,NA,0,파라미터의 초기값으로 함수를 계산할 수는 없습니다,NA
563,SNU,interaction,site_free,age_sex_interaction,cure_aft_sensitivity,aft_latency_cure_sensitivity,frequentist_cure_sensitivity,aft,aft_semiparametric,NA,fit_and_prediction_failed,failed,not_attempted,fit_failed,NA,0,파라미터의 초기값으로 함수를 계산할 수는 없습니다,NA
569,PNU,interaction,site_free,age_sex_interaction,cure_coxlatency,semiparametric_cox_latency_cure,frequentist_cure_main,coxph,cox_ph,nocure_coxph,fit_and_prediction_failed,failed,not_attempted,fit_failed,NA,1,인자 mu는 반드시 비어있지 않은 수치형 벡터이어야 합니다,Loglik converged before variable  2 ; coefficient may be infinite. 
570,SNU,interaction,site_free,age_sex_interaction,cure_aft_sensitivity,aft_latency_cure_sensitivity,frequentist_cure_sensitivity,aft,aft_semiparametric,NA,fit_and_prediction_failed,failed,not_attempted,fit_failed,NA,0,파라미터의 초기값으로 함수를 계산할 수는 없습니다,NA
572,PNU,interaction,site_free,age_sex_interaction,cure_aft_sensitivity,aft_latency_cure_sensitivity,frequentist_cure_sensitivity,aft,aft_semiparametric,NA,fit_and_prediction_failed,failed,not_attempted,fit_failed,NA,0,파라미터의 초기값으로 함수를 계산할 수는 없습니다,NA
573,PNU,base,site_free,no_age_sex_interaction,cure_aft_sensitivity,aft_latency_cure_sensitivity,frequentist_cure_sensitivity,aft,aft_semiparametric,NA,fit_and_prediction_failed,failed,not_attempted,fit_failed,NA,0,파라미터의 초기값으로 함수를 계산할 수는 없습니다,NA
573,PNU,interaction,site_free,age_sex_interaction,cure_aft_sensitivity,aft_latency_cure_sensitivity,frequentist_cure_sensitivity,aft,aft_semiparametric,NA,fit_and_prediction_failed,failed,not_attempted,fit_failed,NA,1,파라미터의 초기값으로 함수를 계산할 수는 없습니다,glm.fit: 알고리즘이 수렴하지 않았습니다
573,PNU,interaction,site_free,age_sex_interaction,cure_coxlatency,semiparametric_cox_latency_cure,frequentist_cure_main,coxph,cox_ph,nocure_coxph,fit_and_prediction_failed,failed,not_attempted,fit_failed,NA,1,인자 mu는 반드시 비어있지 않은 수치형 벡터이어야 합니다,Loglik converged before variable  2 ; coefficient may be infinite. 
579,PNU,interaction,site_free,age_sex_interaction,cure_coxlatency,semiparametric_cox_latency_cure,frequentist_cure_main,coxph,cox_ph,nocure_coxph,fit_and_prediction_failed,failed,not_attempted,fit_failed,NA,0,인자 mu는 반드시 비어있지 않은 수치형 벡터이어야 합니다,NA
582,PNU,interaction,site_free,age_sex_interaction,cure_coxlatency,semiparametric_cox_latency_cure,frequentist_cure_main,coxph,cox_ph,nocure_coxph,fit_and_prediction_failed,failed,not_attempted,fit_failed,NA,1,No (non-missing) observations,Ran out of iterations and did not converge
584,PNU,base,site_free,no_age_sex_interaction,cure_coxlatency,semiparametric_cox_latency_cure,frequentist_cure_main,coxph,cox_ph,nocure_coxph,fit_and_prediction_failed,failed,not_attempted,fit_failed,NA,2,TRUE/FALSE가 필요한 곳에 값이 없습니다,Ran out of iterations and did not converge | one or more coefficients may be infinite
584,PNU,interaction,site_free,age_sex_interaction,cure_coxlatency,semiparametric_cox_latency_cure,frequentist_cure_main,coxph,cox_ph,nocure_coxph,fit_and_prediction_failed,failed,not_attempted,fit_failed,NA,1,TRUE/FALSE가 필요한 곳에 값이 없습니다,Ran out of iterations and did not converge
588,SNU,interaction,site_free,age_sex_interaction,cure_aft_sensitivity,aft_latency_cure_sensitivity,frequentist_cure_sensitivity,aft,aft_semiparametric,NA,fit_and_prediction_failed,failed,not_attempted,fit_failed,NA,0,파라미터의 초기값으로 함수를 계산할 수는 없습니다,NA
590,PNU,interaction,site_free,age_sex_interaction,cure_coxlatency,semiparametric_cox_latency_cure,frequentist_cure_main,coxph,cox_ph,nocure_coxph,fit_and_prediction_failed,failed,not_attempted,fit_failed,NA,2,TRUE/FALSE가 필요한 곳에 값이 없습니다,Ran out of iterations and did not converge | Loglik converged before variable  2 ; coefficient may be infinite. 
593,PNU,interaction,site_free,age_sex_interaction,cure_coxlatency,semiparametric_cox_latency_cure,frequentist_cure_main,coxph,cox_ph,nocure_coxph,fit_and_prediction_failed,failed,not_attempted,fit_failed,NA,0,TRUE/FALSE가 필요한 곳에 값이 없습니다,NA
598,PNU,interaction,site_free,age_sex_interaction,cure_coxlatency,semiparametric_cox_latency_cure,frequentist_cure_main,coxph,cox_ph,nocure_coxph,fit_and_prediction_failed,failed,not_attempted,fit_failed,NA,0,TRUE/FALSE가 필요한 곳에 값이 없습니다,NA
598,merged,interaction_siteadjusted,site_adjusted,age_sex_interaction,cure_aft_sensitivity,aft_latency_cure_sensitivity,frequentist_cure_sensitivity,aft,aft_semiparametric,NA,fit_and_prediction_failed,failed,not_attempted,fit_failed,NA,0,파라미터의 초기값으로 함수를 계산할 수는 없습니다,NA
599,PNU,interaction,site_free,age_sex_interaction,cure_coxlatency,semiparametric_cox_latency_cure,frequentist_cure_main,coxph,cox_ph,nocure_coxph,fit_and_prediction_failed,failed,not_attempted,fit_failed,NA,0,TRUE/FALSE가 필요한 곳에 값이 없습니다,NA
601,PNU,interaction,site_free,age_sex_interaction,cure_coxlatency,semiparametric_cox_latency_cure,frequentist_cure_main,coxph,cox_ph,nocure_coxph,fit_and_prediction_failed,failed,not_attempted,fit_failed,NA,1,TRUE/FALSE가 필요한 곳에 값이 없습니다,Ran out of iterations and did not converge
617,PNU,interaction,site_free,age_sex_interaction,cure_aft_sensitivity,aft_latency_cure_sensitivity,frequentist_cure_sensitivity,aft,aft_semiparametric,NA,fit_and_prediction_failed,failed,not_attempted,fit_failed,NA,0,파라미터의 초기값으로 함수를 계산할 수는 없습니다,NA
623,merged,interaction_siteadjusted,site_adjusted,age_sex_interaction,cure_aft_sensitivity,aft_latency_cure_sensitivity,frequentist_cure_sensitivity,aft,aft_semiparametric,NA,fit_and_prediction_failed,failed,not_attempted,fit_failed,NA,0,파라미터의 초기값으로 함수를 계산할 수는 없습니다,NA
625,PNU,interaction,site_free,age_sex_interaction,cure_aft_sensitivity,aft_latency_cure_sensitivity,frequentist_cure_sensitivity,aft,aft_semiparametric,NA,fit_and_prediction_failed,failed,not_attempted,fit_failed,NA,0,파라미터의 초기값으로 함수를 계산할 수는 없습니다,NA
626,PNU,interaction,site_free,age_sex_interaction,cure_aft_sensitivity,aft_latency_cure_sensitivity,frequentist_cure_sensitivity,aft,aft_semiparametric,NA,fit_and_prediction_failed,failed,not_attempted,fit_failed,NA,1,파라미터의 초기값으로 함수를 계산할 수는 없습니다,glm.fit: 알고리즘이 수렴하지 않았습니다
628,PNU,base,site_free,no_age_sex_interaction,cure_aft_sensitivity,aft_latency_cure_sensitivity,frequentist_cure_sensitivity,aft,aft_semiparametric,NA,fit_and_prediction_failed,failed,not_attempted,fit_failed,NA,1,파라미터의 초기값으로 함수를 계산할 수는 없습니다,glm.fit: 알고리즘이 수렴하지 않았습니다
628,SNU,interaction,site_free,age_sex_interaction,cure_aft_sensitivity,aft_latency_cure_sensitivity,frequentist_cure_sensitivity,aft,aft_semiparametric,NA,fit_and_prediction_failed,failed,not_attempted,fit_failed,NA,0,파라미터의 초기값으로 함수를 계산할 수는 없습니다,NA
634,PNU,interaction,site_free,age_sex_interaction,cure_coxlatency,semiparametric_cox_latency_cure,frequentist_cure_main,coxph,cox_ph,nocure_coxph,fit_and_prediction_failed,failed,not_attempted,fit_failed,NA,1,TRUE/FALSE가 필요한 곳에 값이 없습니다,Ran out of iterations and did not converge
635,PNU,base,site_free,no_age_sex_interaction,cure_coxlatency,semiparametric_cox_latency_cure,frequentist_cure_main,coxph,cox_ph,nocure_coxph,fit_and_prediction_failed,failed,not_attempted,fit_failed,NA,0,인자 mu는 반드시 비어있지 않은 수치형 벡터이어야 합니다,NA
635,PNU,interaction,site_free,age_sex_interaction,cure_coxlatency,semiparametric_cox_latency_cure,frequentist_cure_main,coxph,cox_ph,nocure_coxph,fit_and_prediction_failed,failed,not_attempted,fit_failed,NA,0,인자 mu는 반드시 비어있지 않은 수치형 벡터이어야 합니다,NA
640,PNU,interaction,site_free,age_sex_interaction,cure_aft_sensitivity,aft_latency_cure_sensitivity,frequentist_cure_sensitivity,aft,aft_semiparametric,NA,fit_and_prediction_failed,failed,not_attempted,fit_failed,NA,0,파라미터의 초기값으로 함수를 계산할 수는 없습니다,NA
641,merged,interaction_sitefree,site_free,age_sex_interaction,cure_aft_sensitivity,aft_latency_cure_sensitivity,frequentist_cure_sensitivity,aft,aft_semiparametric,NA,fit_and_prediction_failed,failed,not_attempted,fit_failed,NA,0,파라미터의 초기값으로 함수를 계산할 수는 없습니다,NA
645,PNU,interaction,site_free,age_sex_interaction,cure_aft_sensitivity,aft_latency_cure_sensitivity,frequentist_cure_sensitivity,aft,aft_semiparametric,NA,fit_and_prediction_failed,failed,not_attempted,fit_failed,NA,0,파라미터의 초기값으로 함수를 계산할 수는 없습니다,NA
651,PNU,interaction,site_free,age_sex_interaction,cure_coxlatency,semiparametric_cox_latency_cure,frequentist_cure_main,coxph,cox_ph,nocure_coxph,fit_and_prediction_failed,failed,not_attempted,fit_failed,NA,0,TRUE/FALSE가 필요한 곳에 값이 없습니다,NA
653,PNU,interaction,site_free,age_sex_interaction,cure_aft_sensitivity,aft_latency_cure_sensitivity,frequentist_cure_sensitivity,aft,aft_semiparametric,NA,fit_and_prediction_failed,failed,not_attempted,fit_failed,NA,1,TRUE/FALSE가 필요한 곳에 값이 없습니다,max에 전달되는 인자들 중 누락이 있어 -Inf를 반환합니다
653,PNU,interaction,site_free,age_sex_interaction,cure_coxlatency,semiparametric_cox_latency_cure,frequentist_cure_main,coxph,cox_ph,nocure_coxph,fit_and_prediction_failed,failed,not_attempted,fit_failed,NA,0,인자 mu는 반드시 비어있지 않은 수치형 벡터이어야 합니다,NA
657,PNU,interaction,site_free,age_sex_interaction,cure_aft_sensitivity,aft_latency_cure_sensitivity,frequentist_cure_sensitivity,aft,aft_semiparametric,NA,fit_and_prediction_failed,failed,not_attempted,fit_failed,NA,0,파라미터의 초기값으로 함수를 계산할 수는 없습니다,NA
657,SNU,interaction,site_free,age_sex_interaction,cure_aft_sensitivity,aft_latency_cure_sensitivity,frequentist_cure_sensitivity,aft,aft_semiparametric,NA,fit_and_prediction_failed,failed,not_attempted,fit_failed,NA,0,파라미터의 초기값으로 함수를 계산할 수는 없습니다,NA
658,PNU,base,site_free,no_age_sex_interaction,cure_aft_sensitivity,aft_latency_cure_sensitivity,frequentist_cure_sensitivity,aft,aft_semiparametric,NA,fit_and_prediction_failed,failed,not_attempted,fit_failed,NA,1,파라미터의 초기값으로 함수를 계산할 수는 없습니다,glm.fit: 알고리즘이 수렴하지 않았습니다
658,PNU,interaction,site_free,age_sex_interaction,cure_aft_sensitivity,aft_latency_cure_sensitivity,frequentist_cure_sensitivity,aft,aft_semiparametric,NA,fit_and_prediction_failed,failed,not_attempted,fit_failed,NA,1,파라미터의 초기값으로 함수를 계산할 수는 없습니다,glm.fit: 알고리즘이 수렴하지 않았습니다
662,PNU,base,site_free,no_age_sex_interaction,cure_coxlatency,semiparametric_cox_latency_cure,frequentist_cure_main,coxph,cox_ph,nocure_coxph,fit_and_prediction_failed,failed,not_attempted,fit_failed,NA,1,TRUE/FALSE가 필요한 곳에 값이 없습니다,Ran out of iterations and did not converge
662,PNU,interaction,site_free,age_sex_interaction,cure_coxlatency,semiparametric_cox_latency_cure,frequentist_cure_main,coxph,cox_ph,nocure_coxph,fit_and_prediction_failed,failed,not_attempted,fit_failed,NA,1,TRUE/FALSE가 필요한 곳에 값이 없습니다,Ran out of iterations and did not converge
669,PNU,base,site_free,no_age_sex_interaction,cure_coxlatency,semiparametric_cox_latency_cure,frequentist_cure_main,coxph,cox_ph,nocure_coxph,fit_and_prediction_failed,failed,not_attempted,fit_failed,NA,1,TRUE/FALSE가 필요한 곳에 값이 없습니다,Ran out of iterations and did not converge
672,PNU,interaction,site_free,age_sex_interaction,cure_coxlatency,semiparametric_cox_latency_cure,frequentist_cure_main,coxph,cox_ph,nocure_coxph,fit_and_prediction_failed,failed,not_attempted,fit_failed,NA,2,TRUE/FALSE가 필요한 곳에 값이 없습니다,Ran out of iterations and did not converge | glm.fit: 알고리즘이 수렴하지 않았습니다
673,PNU,base,site_free,no_age_sex_interaction,cure_aft_sensitivity,aft_latency_cure_sensitivity,frequentist_cure_sensitivity,aft,aft_semiparametric,NA,fit_and_prediction_failed,failed,not_attempted,fit_failed,NA,1,파라미터의 초기값으로 함수를 계산할 수는 없습니다,glm.fit: 알고리즘이 수렴하지 않았습니다
673,PNU,interaction,site_free,age_sex_interaction,cure_coxlatency,semiparametric_cox_latency_cure,frequentist_cure_main,coxph,cox_ph,nocure_coxph,fit_and_prediction_failed,failed,not_attempted,fit_failed,NA,2,TRUE/FALSE가 필요한 곳에 값이 없습니다,"Loglik converged before variable  2,3 ; coefficient may be infinite.  | Ran out of iterations and did not converge"
680,PNU,interaction,site_free,age_sex_interaction,cure_coxlatency,semiparametric_cox_latency_cure,frequentist_cure_main,coxph,cox_ph,nocure_coxph,fit_and_prediction_failed,failed,not_attempted,fit_failed,NA,1,인자 mu는 반드시 비어있지 않은 수치형 벡터이어야 합니다,Loglik converged before variable  2 ; coefficient may be infinite. 
681,PNU,interaction,site_free,age_sex_interaction,cure_coxlatency,semiparametric_cox_latency_cure,frequentist_cure_main,coxph,cox_ph,nocure_coxph,fit_and_prediction_failed,failed,not_attempted,fit_failed,NA,2,TRUE/FALSE가 필요한 곳에 값이 없습니다,"Loglik converged before variable  1,2,3 ; coefficient may be infinite.  | Ran out of iterations and did not converge"
686,PNU,interaction,site_free,age_sex_interaction,cure_aft_sensitivity,aft_latency_cure_sensitivity,frequentist_cure_sensitivity,aft,aft_semiparametric,NA,fit_and_prediction_failed,failed,not_attempted,fit_failed,NA,0,파라미터의 초기값으로 함수를 계산할 수는 없습니다,NA
697,PNU,interaction,site_free,age_sex_interaction,cure_aft_sensitivity,aft_latency_cure_sensitivity,frequentist_cure_sensitivity,aft,aft_semiparametric,NA,fit_and_prediction_failed,failed,not_attempted,fit_failed,NA,0,파라미터의 초기값으로 함수를 계산할 수는 없습니다,NA
698,PNU,interaction,site_free,age_sex_interaction,cure_aft_sensitivity,aft_latency_cure_sensitivity,frequentist_cure_sensitivity,aft,aft_semiparametric,NA,fit_and_prediction_failed,failed,not_attempted,fit_failed,NA,0,파라미터의 초기값으로 함수를 계산할 수는 없습니다,NA
700,PNU,interaction,site_free,age_sex_interaction,cure_coxlatency,semiparametric_cox_latency_cure,frequentist_cure_main,coxph,cox_ph,nocure_coxph,fit_and_prediction_failed,failed,not_attempted,fit_failed,NA,0,인자 mu는 반드시 비어있지 않은 수치형 벡터이어야 합니다,NA
710,PNU,interaction,site_free,age_sex_interaction,cure_coxlatency,semiparametric_cox_latency_cure,frequentist_cure_main,coxph,cox_ph,nocure_coxph,fit_and_prediction_failed,failed,not_attempted,fit_failed,NA,1,TRUE/FALSE가 필요한 곳에 값이 없습니다,"Loglik converged before variable  2,3 ; coefficient may be infinite. "
720,PNU,interaction,site_free,age_sex_interaction,cure_coxlatency,semiparametric_cox_latency_cure,frequentist_cure_main,coxph,cox_ph,nocure_coxph,fit_and_prediction_failed,failed,not_attempted,fit_failed,NA,0,TRUE/FALSE가 필요한 곳에 값이 없습니다,NA
726,SNU,interaction,site_free,age_sex_interaction,cure_aft_sensitivity,aft_latency_cure_sensitivity,frequentist_cure_sensitivity,aft,aft_semiparametric,NA,fit_and_prediction_failed,failed,not_attempted,fit_failed,NA,0,파라미터의 초기값으로 함수를 계산할 수는 없습니다,NA
733,PNU,interaction,site_free,age_sex_interaction,cure_coxlatency,semiparametric_cox_latency_cure,frequentist_cure_main,coxph,cox_ph,nocure_coxph,fit_and_prediction_failed,failed,not_attempted,fit_failed,NA,1,TRUE/FALSE가 필요한 곳에 값이 없습니다,"Loglik converged before variable  2,3 ; coefficient may be infinite. "
743,PNU,base,site_free,no_age_sex_interaction,cure_coxlatency,semiparametric_cox_latency_cure,frequentist_cure_main,coxph,cox_ph,nocure_coxph,fit_and_prediction_failed,failed,not_attempted,fit_failed,NA,2,TRUE/FALSE가 필요한 곳에 값이 없습니다,Ran out of iterations and did not converge | one or more coefficients may be infinite
743,PNU,interaction,site_free,age_sex_interaction,cure_coxlatency,semiparametric_cox_latency_cure,frequentist_cure_main,coxph,cox_ph,nocure_coxph,fit_and_prediction_failed,failed,not_attempted,fit_failed,NA,2,TRUE/FALSE가 필요한 곳에 값이 없습니다,Ran out of iterations and did not converge | one or more coefficients may be infinite
746,PNU,interaction,site_free,age_sex_interaction,cure_coxlatency,semiparametric_cox_latency_cure,frequentist_cure_main,coxph,cox_ph,nocure_coxph,fit_and_prediction_failed,failed,not_attempted,fit_failed,NA,0,TRUE/FALSE가 필요한 곳에 값이 없습니다,NA
748,PNU,interaction,site_free,age_sex_interaction,cure_aft_sensitivity,aft_latency_cure_sensitivity,frequentist_cure_sensitivity,aft,aft_semiparametric,NA,fit_and_prediction_failed,failed,not_attempted,fit_failed,NA,0,파라미터의 초기값으로 함수를 계산할 수는 없습니다,NA
755,merged,interaction_siteadjusted,site_adjusted,age_sex_interaction,cure_aft_sensitivity,aft_latency_cure_sensitivity,frequentist_cure_sensitivity,aft,aft_semiparametric,NA,fit_and_prediction_failed,failed,not_attempted,fit_failed,NA,0,파라미터의 초기값으로 함수를 계산할 수는 없습니다,NA
762,PNU,base,site_free,no_age_sex_interaction,cure_coxlatency,semiparametric_cox_latency_cure,frequentist_cure_main,coxph,cox_ph,nocure_coxph,fit_and_prediction_failed,failed,not_attempted,fit_failed,NA,2,TRUE/FALSE가 필요한 곳에 값이 없습니다,Ran out of iterations and did not converge | one or more coefficients may be infinite
762,PNU,interaction,site_free,age_sex_interaction,cure_coxlatency,semiparametric_cox_latency_cure,frequentist_cure_main,coxph,cox_ph,nocure_coxph,fit_and_prediction_failed,failed,not_attempted,fit_failed,NA,1,TRUE/FALSE가 필요한 곳에 값이 없습니다,Ran out of iterations and did not converge
763,PNU,interaction,site_free,age_sex_interaction,cure_aft_sensitivity,aft_latency_cure_sensitivity,frequentist_cure_sensitivity,aft,aft_semiparametric,NA,fit_and_prediction_failed,failed,not_attempted,fit_failed,NA,0,파라미터의 초기값으로 함수를 계산할 수는 없습니다,NA
763,merged,interaction_siteadjusted,site_adjusted,age_sex_interaction,cure_aft_sensitivity,aft_latency_cure_sensitivity,frequentist_cure_sensitivity,aft,aft_semiparametric,NA,fit_and_prediction_failed,failed,not_attempted,fit_failed,NA,0,파라미터의 초기값으로 함수를 계산할 수는 없습니다,NA
763,merged,interaction_sitefree,site_free,age_sex_interaction,cure_aft_sensitivity,aft_latency_cure_sensitivity,frequentist_cure_sensitivity,aft,aft_semiparametric,NA,fit_and_prediction_failed,failed,not_attempted,fit_failed,NA,0,파라미터의 초기값으로 함수를 계산할 수는 없습니다,NA
766,PNU,interaction,site_free,age_sex_interaction,cure_coxlatency,semiparametric_cox_latency_cure,frequentist_cure_main,coxph,cox_ph,nocure_coxph,fit_and_prediction_failed,failed,not_attempted,fit_failed,NA,0,인자 mu는 반드시 비어있지 않은 수치형 벡터이어야 합니다,NA
767,merged,interaction_sitefree,site_free,age_sex_interaction,cure_aft_sensitivity,aft_latency_cure_sensitivity,frequentist_cure_sensitivity,aft,aft_semiparametric,NA,fit_and_prediction_failed,failed,not_attempted,fit_failed,NA,0,파라미터의 초기값으로 함수를 계산할 수는 없습니다,NA
769,PNU,interaction,site_free,age_sex_interaction,cure_coxlatency,semiparametric_cox_latency_cure,frequentist_cure_main,coxph,cox_ph,nocure_coxph,fit_and_prediction_failed,failed,not_attempted,fit_failed,NA,1,인자 mu는 반드시 비어있지 않은 수치형 벡터이어야 합니다,Loglik converged before variable  2 ; coefficient may be infinite. 
775,PNU,interaction,site_free,age_sex_interaction,cure_aft_sensitivity,aft_latency_cure_sensitivity,frequentist_cure_sensitivity,aft,aft_semiparametric,NA,fit_and_prediction_failed,failed,not_attempted,fit_failed,NA,0,파라미터의 초기값으로 함수를 계산할 수는 없습니다,NA
776,PNU,interaction,site_free,age_sex_interaction,cure_coxlatency,semiparametric_cox_latency_cure,frequentist_cure_main,coxph,cox_ph,nocure_coxph,fit_and_prediction_failed,failed,not_attempted,fit_failed,NA,0,TRUE/FALSE가 필요한 곳에 값이 없습니다,NA
776,SNU,interaction,site_free,age_sex_interaction,cure_aft_sensitivity,aft_latency_cure_sensitivity,frequentist_cure_sensitivity,aft,aft_semiparametric,NA,fit_and_prediction_failed,failed,not_attempted,fit_failed,NA,0,파라미터의 초기값으로 함수를 계산할 수는 없습니다,NA
786,PNU,interaction,site_free,age_sex_interaction,cure_aft_sensitivity,aft_latency_cure_sensitivity,frequentist_cure_sensitivity,aft,aft_semiparametric,NA,fit_and_prediction_failed,failed,not_attempted,fit_failed,NA,0,파라미터의 초기값으로 함수를 계산할 수는 없습니다,NA
787,PNU,base,site_free,no_age_sex_interaction,cure_aft_sensitivity,aft_latency_cure_sensitivity,frequentist_cure_sensitivity,aft,aft_semiparametric,NA,fit_and_prediction_failed,failed,not_attempted,fit_failed,NA,1,파라미터의 초기값으로 함수를 계산할 수는 없습니다,glm.fit: 알고리즘이 수렴하지 않았습니다
794,PNU,interaction,site_free,age_sex_interaction,cure_coxlatency,semiparametric_cox_latency_cure,frequentist_cure_main,coxph,cox_ph,nocure_coxph,fit_and_prediction_failed,failed,not_attempted,fit_failed,NA,1,TRUE/FALSE가 필요한 곳에 값이 없습니다,Ran out of iterations and did not converge
799,PNU,interaction,site_free,age_sex_interaction,cure_coxlatency,semiparametric_cox_latency_cure,frequentist_cure_main,coxph,cox_ph,nocure_coxph,fit_and_prediction_failed,failed,not_attempted,fit_failed,NA,1,인자 mu는 반드시 비어있지 않은 수치형 벡터이어야 합니다,Loglik converged before variable  2 ; coefficient may be infinite. 
799,merged,interaction_siteadjusted,site_adjusted,age_sex_interaction,cure_aft_sensitivity,aft_latency_cure_sensitivity,frequentist_cure_sensitivity,aft,aft_semiparametric,NA,fit_and_prediction_failed,failed,not_attempted,fit_failed,NA,0,파라미터의 초기값으로 함수를 계산할 수는 없습니다,NA
810,PNU,interaction,site_free,age_sex_interaction,cure_coxlatency,semiparametric_cox_latency_cure,frequentist_cure_main,coxph,cox_ph,nocure_coxph,fit_and_prediction_failed,failed,not_attempted,fit_failed,NA,1,TRUE/FALSE가 필요한 곳에 값이 없습니다,Ran out of iterations and did not converge
818,PNU,base,site_free,no_age_sex_interaction,cure_aft_sensitivity,aft_latency_cure_sensitivity,frequentist_cure_sensitivity,aft,aft_semiparametric,NA,fit_and_prediction_failed,failed,not_attempted,fit_failed,NA,1,파라미터의 초기값으로 함수를 계산할 수는 없습니다,glm.fit: 알고리즘이 수렴하지 않았습니다
835,PNU,interaction,site_free,age_sex_interaction,cure_coxlatency,semiparametric_cox_latency_cure,frequentist_cure_main,coxph,cox_ph,nocure_coxph,fit_and_prediction_failed,failed,not_attempted,fit_failed,NA,0,인자 mu는 반드시 비어있지 않은 수치형 벡터이어야 합니다,NA
850,SNU,interaction,site_free,age_sex_interaction,cure_aft_sensitivity,aft_latency_cure_sensitivity,frequentist_cure_sensitivity,aft,aft_semiparametric,NA,fit_and_prediction_failed,failed,not_attempted,fit_failed,NA,0,파라미터의 초기값으로 함수를 계산할 수는 없습니다,NA
856,PNU,interaction,site_free,age_sex_interaction,cure_coxlatency,semiparametric_cox_latency_cure,frequentist_cure_main,coxph,cox_ph,nocure_coxph,fit_and_prediction_failed,failed,not_attempted,fit_failed,NA,0,TRUE/FALSE가 필요한 곳에 값이 없습니다,NA
856,SNU,interaction,site_free,age_sex_interaction,cure_aft_sensitivity,aft_latency_cure_sensitivity,frequentist_cure_sensitivity,aft,aft_semiparametric,NA,fit_and_prediction_failed,failed,not_attempted,fit_failed,NA,2,TRUE/FALSE가 필요한 곳에 값이 없습니다,Ran out of iterations and did not converge | max에 전달되는 인자들 중 누락이 있어 -Inf를 반환합니다
857,PNU,interaction,site_free,age_sex_interaction,cure_coxlatency,semiparametric_cox_latency_cure,frequentist_cure_main,coxph,cox_ph,nocure_coxph,fit_and_prediction_failed,failed,not_attempted,fit_failed,NA,0,인자 mu는 반드시 비어있지 않은 수치형 벡터이어야 합니다,NA
867,PNU,interaction,site_free,age_sex_interaction,cure_coxlatency,semiparametric_cox_latency_cure,frequentist_cure_main,coxph,cox_ph,nocure_coxph,fit_and_prediction_failed,failed,not_attempted,fit_failed,NA,2,infinite argument in coxph.wtest,Ran out of iterations and did not converge | one or more coefficients may be infinite
868,PNU,interaction,site_free,age_sex_interaction,cure_coxlatency,semiparametric_cox_latency_cure,frequentist_cure_main,coxph,cox_ph,nocure_coxph,fit_and_prediction_failed,failed,not_attempted,fit_failed,NA,0,TRUE/FALSE가 필요한 곳에 값이 없습니다,NA
870,PNU,interaction,site_free,age_sex_interaction,cure_coxlatency,semiparametric_cox_latency_cure,frequentist_cure_main,coxph,cox_ph,nocure_coxph,fit_and_prediction_failed,failed,not_attempted,fit_failed,NA,0,TRUE/FALSE가 필요한 곳에 값이 없습니다,NA
870,SNU,interaction,site_free,age_sex_interaction,cure_aft_sensitivity,aft_latency_cure_sensitivity,frequentist_cure_sensitivity,aft,aft_semiparametric,NA,fit_and_prediction_failed,failed,not_attempted,fit_failed,NA,0,파라미터의 초기값으로 함수를 계산할 수는 없습니다,NA
873,PNU,interaction,site_free,age_sex_interaction,cure_coxlatency,semiparametric_cox_latency_cure,frequentist_cure_main,coxph,cox_ph,nocure_coxph,fit_and_prediction_failed,failed,not_attempted,fit_failed,NA,0,인자 mu는 반드시 비어있지 않은 수치형 벡터이어야 합니다,NA
874,PNU,interaction,site_free,age_sex_interaction,cure_aft_sensitivity,aft_latency_cure_sensitivity,frequentist_cure_sensitivity,aft,aft_semiparametric,NA,fit_and_prediction_failed,failed,not_attempted,fit_failed,NA,0,파라미터의 초기값으로 함수를 계산할 수는 없습니다,NA
880,PNU,interaction,site_free,age_sex_interaction,cure_aft_sensitivity,aft_latency_cure_sensitivity,frequentist_cure_sensitivity,aft,aft_semiparametric,NA,fit_and_prediction_failed,failed,not_attempted,fit_failed,NA,0,파라미터의 초기값으로 함수를 계산할 수는 없습니다,NA
883,PNU,interaction,site_free,age_sex_interaction,cure_coxlatency,semiparametric_cox_latency_cure,frequentist_cure_main,coxph,cox_ph,nocure_coxph,fit_and_prediction_failed,failed,not_attempted,fit_failed,NA,2,TRUE/FALSE가 필요한 곳에 값이 없습니다,"Loglik converged before variable  2,3 ; coefficient may be infinite.  | Ran out of iterations and did not converge"
885,PNU,interaction,site_free,age_sex_interaction,cure_coxlatency,semiparametric_cox_latency_cure,frequentist_cure_main,coxph,cox_ph,nocure_coxph,fit_and_prediction_failed,failed,not_attempted,fit_failed,NA,1,TRUE/FALSE가 필요한 곳에 값이 없습니다,Ran out of iterations and did not converge
887,PNU,interaction,site_free,age_sex_interaction,cure_coxlatency,semiparametric_cox_latency_cure,frequentist_cure_main,coxph,cox_ph,nocure_coxph,fit_and_prediction_failed,failed,not_attempted,fit_failed,NA,2,TRUE/FALSE가 필요한 곳에 값이 없습니다,Ran out of iterations and did not converge | Loglik converged before variable  2 ; coefficient may be infinite. 
891,PNU,interaction,site_free,age_sex_interaction,cure_coxlatency,semiparametric_cox_latency_cure,frequentist_cure_main,coxph,cox_ph,nocure_coxph,fit_and_prediction_failed,failed,not_attempted,fit_failed,NA,0,인자 mu는 반드시 비어있지 않은 수치형 벡터이어야 합니다,NA
910,PNU,interaction,site_free,age_sex_interaction,cure_coxlatency,semiparametric_cox_latency_cure,frequentist_cure_main,coxph,cox_ph,nocure_coxph,fit_and_prediction_failed,failed,not_attempted,fit_failed,NA,0,인자 mu는 반드시 비어있지 않은 수치형 벡터이어야 합니다,NA
916,PNU,interaction,site_free,age_sex_interaction,cure_aft_sensitivity,aft_latency_cure_sensitivity,frequentist_cure_sensitivity,aft,aft_semiparametric,NA,fit_and_prediction_failed,failed,not_attempted,fit_failed,NA,1,TRUE/FALSE가 필요한 곳에 값이 없습니다,max에 전달되는 인자들 중 누락이 있어 -Inf를 반환합니다
916,PNU,interaction,site_free,age_sex_interaction,cure_coxlatency,semiparametric_cox_latency_cure,frequentist_cure_main,coxph,cox_ph,nocure_coxph,fit_and_prediction_failed,failed,not_attempted,fit_failed,NA,1,인자 mu는 반드시 비어있지 않은 수치형 벡터이어야 합니다,Loglik converged before variable  2 ; coefficient may be infinite. 
919,PNU,interaction,site_free,age_sex_interaction,cure_coxlatency,semiparametric_cox_latency_cure,frequentist_cure_main,coxph,cox_ph,nocure_coxph,fit_and_prediction_failed,failed,not_attempted,fit_failed,NA,2,TRUE/FALSE가 필요한 곳에 값이 없습니다,"Loglik converged before variable  2,3 ; coefficient may be infinite.  | Ran out of iterations and did not converge"
930,PNU,interaction,site_free,age_sex_interaction,cure_aft_sensitivity,aft_latency_cure_sensitivity,frequentist_cure_sensitivity,aft,aft_semiparametric,NA,fit_and_prediction_failed,failed,not_attempted,fit_failed,NA,1,TRUE/FALSE가 필요한 곳에 값이 없습니다,max에 전달되는 인자들 중 누락이 있어 -Inf를 반환합니다
930,PNU,interaction,site_free,age_sex_interaction,cure_coxlatency,semiparametric_cox_latency_cure,frequentist_cure_main,coxph,cox_ph,nocure_coxph,fit_and_prediction_failed,failed,not_attempted,fit_failed,NA,1,인자 mu는 반드시 비어있지 않은 수치형 벡터이어야 합니다,Loglik converged before variable  2 ; coefficient may be infinite. 
935,PNU,interaction,site_free,age_sex_interaction,cure_aft_sensitivity,aft_latency_cure_sensitivity,frequentist_cure_sensitivity,aft,aft_semiparametric,NA,fit_and_prediction_failed,failed,not_attempted,fit_failed,NA,1,파라미터의 초기값으로 함수를 계산할 수는 없습니다,glm.fit: 알고리즘이 수렴하지 않았습니다
938,merged,interaction_sitefree,site_free,age_sex_interaction,cure_aft_sensitivity,aft_latency_cure_sensitivity,frequentist_cure_sensitivity,aft,aft_semiparametric,NA,fit_and_prediction_failed,failed,not_attempted,fit_failed,NA,0,파라미터의 초기값으로 함수를 계산할 수는 없습니다,NA
939,PNU,interaction,site_free,age_sex_interaction,cure_coxlatency,semiparametric_cox_latency_cure,frequentist_cure_main,coxph,cox_ph,nocure_coxph,fit_and_prediction_failed,failed,not_attempted,fit_failed,NA,0,인자 mu는 반드시 비어있지 않은 수치형 벡터이어야 합니다,NA
955,PNU,base,site_free,no_age_sex_interaction,cure_coxlatency,semiparametric_cox_latency_cure,frequentist_cure_main,coxph,cox_ph,nocure_coxph,fit_and_prediction_failed,failed,not_attempted,fit_failed,NA,0,인자 mu는 반드시 비어있지 않은 수치형 벡터이어야 합니다,NA
955,PNU,interaction,site_free,age_sex_interaction,cure_coxlatency,semiparametric_cox_latency_cure,frequentist_cure_main,coxph,cox_ph,nocure_coxph,fit_and_prediction_failed,failed,not_attempted,fit_failed,NA,0,인자 mu는 반드시 비어있지 않은 수치형 벡터이어야 합니다,NA
955,SNU,interaction,site_free,age_sex_interaction,cure_aft_sensitivity,aft_latency_cure_sensitivity,frequentist_cure_sensitivity,aft,aft_semiparametric,NA,fit_and_prediction_failed,failed,not_attempted,fit_failed,NA,0,파라미터의 초기값으로 함수를 계산할 수는 없습니다,NA
968,PNU,base,site_free,no_age_sex_interaction,cure_aft_sensitivity,aft_latency_cure_sensitivity,frequentist_cure_sensitivity,aft,aft_semiparametric,NA,fit_and_prediction_failed,failed,not_attempted,fit_failed,NA,0,파라미터의 초기값으로 함수를 계산할 수는 없습니다,NA
971,merged,interaction_siteadjusted,site_adjusted,age_sex_interaction,cure_aft_sensitivity,aft_latency_cure_sensitivity,frequentist_cure_sensitivity,aft,aft_semiparametric,NA,fit_and_prediction_failed,failed,not_attempted,fit_failed,NA,0,파라미터의 초기값으로 함수를 계산할 수는 없습니다,NA
971,merged,interaction_sitefree,site_free,age_sex_interaction,cure_aft_sensitivity,aft_latency_cure_sensitivity,frequentist_cure_sensitivity,aft,aft_semiparametric,NA,fit_and_prediction_failed,failed,not_attempted,fit_failed,NA,0,파라미터의 초기값으로 함수를 계산할 수는 없습니다,NA
974,PNU,interaction,site_free,age_sex_interaction,cure_coxlatency,semiparametric_cox_latency_cure,frequentist_cure_main,coxph,cox_ph,nocure_coxph,fit_and_prediction_failed,failed,not_attempted,fit_failed,NA,1,인자 mu는 반드시 비어있지 않은 수치형 벡터이어야 합니다,Loglik converged before variable  2 ; coefficient may be infinite. 
988,PNU,interaction,site_free,age_sex_interaction,cure_coxlatency,semiparametric_cox_latency_cure,frequentist_cure_main,coxph,cox_ph,nocure_coxph,fit_and_prediction_failed,failed,not_attempted,fit_failed,NA,0,인자 mu는 반드시 비어있지 않은 수치형 벡터이어야 합니다,NA
997,PNU,base,site_free,no_age_sex_interaction,cure_coxlatency,semiparametric_cox_latency_cure,frequentist_cure_main,coxph,cox_ph,nocure_coxph,fit_and_prediction_failed,failed,not_attempted,fit_failed,NA,2,TRUE/FALSE가 필요한 곳에 값이 없습니다,Ran out of iterations and did not converge | one or more coefficients may be infinite
997,PNU,interaction,site_free,age_sex_interaction,cure_coxlatency,semiparametric_cox_latency_cure,frequentist_cure_main,coxph,cox_ph,nocure_coxph,fit_and_prediction_failed,failed,not_attempted,fit_failed,NA,2,TRUE/FALSE가 필요한 곳에 값이 없습니다,Ran out of iterations and did not converge | one or more coefficients may be infinite
997,SNU,interaction,site_free,age_sex_interaction,cure_aft_sensitivity,aft_latency_cure_sensitivity,frequentist_cure_sensitivity,aft,aft_semiparametric,NA,fit_and_prediction_failed,failed,not_attempted,fit_failed,NA,0,파라미터의 초기값으로 함수를 계산할 수는 없습니다,NA
