dataset_variant,dataset_group,model_family,model_scope,probability_type,horizon_year,estimate_probability,interval_type,uncertainty_sd,interval_lower_95,interval_median_50,interval_upper_95
PNU,PNU,Bayesian transition-only cure,overall,risk,1,0.223898,95% CrI,0.05605,0.130389,0.219907,0.35699
PNU,PNU,Bayesian transition-only cure,overall,risk,2,0.289526,95% CrI,0.069144,0.156445,0.288209,0.436714
PNU,PNU,Bayesian transition-only cure,overall,risk,3,0.325737,95% CrI,0.078765,0.170982,0.325101,0.494518
PNU,PNU,Bayesian transition-only cure,overall,risk,4,0.349679,95% CrI,0.086453,0.183428,0.350087,0.5318
PNU,PNU,Bayesian transition-only cure,overall,risk,5,0.367047,95% CrI,0.092805,0.190662,0.365071,0.554831
PNU,PNU,Bayesian transition-only cure,overall,risk,6,0.38039,95% CrI,0.098174,0.195454,0.377594,0.576898
PNU,PNU,Bayesian transition-only cure,overall,risk,7,0.39105,95% CrI,0.102792,0.198863,0.387082,0.597268
PNU,PNU,Bayesian transition-only cure,overall,risk,8,0.399816,95% CrI,0.106822,0.203262,0.397485,0.61069
PNU,PNU,Bayesian transition-only cure,overall,risk,9,0.407184,95% CrI,0.110381,0.205908,0.402998,0.62521
PNU,PNU,Bayesian transition-only cure,overall,risk,10,0.413486,95% CrI,0.113555,0.207999,0.407291,0.638672
PNU,PNU,Bayesian transition-only cure,overall,survival,1,0.776102,95% CrI,0.05605,0.64301,0.780093,0.869611
PNU,PNU,Bayesian transition-only cure,overall,survival,2,0.710474,95% CrI,0.069144,0.563286,0.711791,0.843555
PNU,PNU,Bayesian transition-only cure,overall,survival,3,0.674263,95% CrI,0.078765,0.505482,0.674899,0.829018
PNU,PNU,Bayesian transition-only cure,overall,survival,4,0.650321,95% CrI,0.086453,0.4682,0.649913,0.816572
PNU,PNU,Bayesian transition-only cure,overall,survival,5,0.632953,95% CrI,0.092805,0.445169,0.634929,0.809338
PNU,PNU,Bayesian transition-only cure,overall,survival,6,0.61961,95% CrI,0.098174,0.423102,0.622406,0.804546
PNU,PNU,Bayesian transition-only cure,overall,survival,7,0.60895,95% CrI,0.102792,0.402732,0.612918,0.801137
PNU,PNU,Bayesian transition-only cure,overall,survival,8,0.600184,95% CrI,0.106822,0.38931,0.602515,0.796738
PNU,PNU,Bayesian transition-only cure,overall,survival,9,0.592816,95% CrI,0.110381,0.37479,0.597002,0.794092
PNU,PNU,Bayesian transition-only cure,overall,survival,10,0.586514,95% CrI,0.113555,0.361328,0.592709,0.792001
PNU,PNU,Bayesian transition-only cure,susceptible,risk,1,0.491198,95% CrI,0.16778,0.223044,0.466581,0.809953
PNU,PNU,Bayesian transition-only cure,susceptible,risk,2,0.620028,95% CrI,0.172537,0.31451,0.604247,0.921425
PNU,PNU,Bayesian transition-only cure,susceptible,risk,3,0.687971,95% CrI,0.166991,0.371509,0.683396,0.955888
PNU,PNU,Bayesian transition-only cure,susceptible,risk,4,0.73164,95% CrI,0.160026,0.416323,0.740148,0.973081
PNU,PNU,Bayesian transition-only cure,susceptible,risk,5,0.762676,95% CrI,0.153262,0.452627,0.775245,0.982146
PNU,PNU,Bayesian transition-only cure,susceptible,risk,6,0.786143,95% CrI,0.147045,0.482607,0.803066,0.987453
PNU,PNU,Bayesian transition-only cure,susceptible,risk,7,0.804653,95% CrI,0.141413,0.505514,0.826298,0.990941
PNU,PNU,Bayesian transition-only cure,susceptible,risk,8,0.819711,95% CrI,0.136321,0.523412,0.843295,0.993092
PNU,PNU,Bayesian transition-only cure,susceptible,risk,9,0.832252,95% CrI,0.131705,0.540918,0.856026,0.9946
PNU,PNU,Bayesian transition-only cure,susceptible,risk,10,0.842893,95% CrI,0.127506,0.556513,0.867574,0.995725
PNU,PNU,Bayesian transition-only cure,susceptible,survival,1,0.508802,95% CrI,0.16778,0.190047,0.533419,0.776956
PNU,PNU,Bayesian transition-only cure,susceptible,survival,2,0.379972,95% CrI,0.172537,0.078575,0.395753,0.68549
PNU,PNU,Bayesian transition-only cure,susceptible,survival,3,0.312029,95% CrI,0.166991,0.044112,0.316604,0.628491
PNU,PNU,Bayesian transition-only cure,susceptible,survival,4,0.26836,95% CrI,0.160026,0.026919,0.259852,0.583677
PNU,PNU,Bayesian transition-only cure,susceptible,survival,5,0.237324,95% CrI,0.153262,0.017854,0.224755,0.547373
PNU,PNU,Bayesian transition-only cure,susceptible,survival,6,0.213857,95% CrI,0.147045,0.012547,0.196934,0.517393
PNU,PNU,Bayesian transition-only cure,susceptible,survival,7,0.195347,95% CrI,0.141413,0.009059,0.173702,0.494486
PNU,PNU,Bayesian transition-only cure,susceptible,survival,8,0.180289,95% CrI,0.136321,0.006908,0.156705,0.476588
PNU,PNU,Bayesian transition-only cure,susceptible,survival,9,0.167748,95% CrI,0.131705,0.0054,0.143974,0.459082
PNU,PNU,Bayesian transition-only cure,susceptible,survival,10,0.157107,95% CrI,0.127506,0.004275,0.132426,0.443487
PNU,PNU,Frequentist mixture cure,overall,risk,1,0.241488,95% CI,0.058274,0.12018,0.222192,0.349545
PNU,PNU,Frequentist mixture cure,overall,risk,2,0.303494,95% CI,0.070101,0.141194,0.278297,0.421442
PNU,PNU,Frequentist mixture cure,overall,risk,3,0.333188,95% CI,0.077329,0.148385,0.306058,0.453017
PNU,PNU,Frequentist mixture cure,overall,risk,4,0.350729,95% CI,0.082462,0.151223,0.32419,0.47733
PNU,PNU,Frequentist mixture cure,overall,risk,5,0.362299,95% CI,0.086388,0.154008,0.337302,0.491722
PNU,PNU,Frequentist mixture cure,overall,risk,6,0.370477,95% CI,0.089533,0.154467,0.346728,0.504729
PNU,PNU,Frequentist mixture cure,overall,risk,7,0.376542,95% CI,0.092133,0.155057,0.353957,0.515568
PNU,PNU,Frequentist mixture cure,overall,risk,8,0.381204,95% CI,0.094332,0.155814,0.359697,0.523394
PNU,PNU,Frequentist mixture cure,overall,risk,9,0.384886,95% CI,0.096226,0.1564,0.364866,0.529668
PNU,PNU,Frequentist mixture cure,overall,risk,10,0.38786,95% CI,0.097881,0.156726,0.368688,0.534464
PNU,PNU,Frequentist mixture cure,overall,survival,1,0.758512,95% CI,0.058274,0.650455,0.777808,0.87982
PNU,PNU,Frequentist mixture cure,overall,survival,2,0.696506,95% CI,0.070101,0.578558,0.721703,0.858806
PNU,PNU,Frequentist mixture cure,overall,survival,3,0.666812,95% CI,0.077329,0.546983,0.693942,0.851615
PNU,PNU,Frequentist mixture cure,overall,survival,4,0.649271,95% CI,0.082462,0.52267,0.67581,0.848777
PNU,PNU,Frequentist mixture cure,overall,survival,5,0.637701,95% CI,0.086388,0.508278,0.662698,0.845992
PNU,PNU,Frequentist mixture cure,overall,survival,6,0.629523,95% CI,0.089533,0.495271,0.653272,0.845533
PNU,PNU,Frequentist mixture cure,overall,survival,7,0.623458,95% CI,0.092133,0.484432,0.646043,0.844943
PNU,PNU,Frequentist mixture cure,overall,survival,8,0.618796,95% CI,0.094332,0.476606,0.640303,0.844186
PNU,PNU,Frequentist mixture cure,overall,survival,9,0.615114,95% CI,0.096226,0.470332,0.635134,0.8436
PNU,PNU,Frequentist mixture cure,overall,survival,10,0.61214,95% CI,0.097881,0.465536,0.631312,0.843274
PNU,PNU,Frequentist mixture cure,susceptible,risk,1,0.643704,95% CI,0.169454,0.339055,0.635033,0.957599
PNU,PNU,Frequentist mixture cure,susceptible,risk,2,0.786935,95% CI,0.150727,0.449036,0.769906,0.989376
PNU,PNU,Frequentist mixture cure,susceptible,risk,3,0.851754,95% CI,0.135388,0.51029,0.833865,0.996222
PNU,PNU,Frequentist mixture cure,susceptible,risk,4,0.888614,95% CI,0.123611,0.554254,0.871065,0.99838
PNU,PNU,Frequentist mixture cure,susceptible,risk,5,0.912228,95% CI,0.114315,0.58756,0.89585,0.999198
PNU,PNU,Frequentist mixture cure,susceptible,risk,6,0.928529,95% CI,0.106758,0.613482,0.913045,0.99956
PNU,PNU,Frequentist mixture cure,susceptible,risk,7,0.940382,95% CI,0.100463,0.635352,0.92583,0.999746
PNU,PNU,Frequentist mixture cure,susceptible,risk,8,0.949336,95% CI,0.095116,0.655487,0.935497,0.999842
PNU,PNU,Frequentist mixture cure,susceptible,risk,9,0.956302,95% CI,0.0905,0.671891,0.943846,0.9999
PNU,PNU,Frequentist mixture cure,susceptible,risk,10,0.961852,95% CI,0.086463,0.685505,0.950269,0.999941
PNU,PNU,Frequentist mixture cure,susceptible,survival,1,0.356296,95% CI,0.169454,0.042401,0.364967,0.660945
PNU,PNU,Frequentist mixture cure,susceptible,survival,2,0.213065,95% CI,0.150727,0.010624,0.230094,0.550964
PNU,PNU,Frequentist mixture cure,susceptible,survival,3,0.148246,95% CI,0.135388,0.003778,0.166135,0.48971
PNU,PNU,Frequentist mixture cure,susceptible,survival,4,0.111386,95% CI,0.123611,0.00162,0.128935,0.445746
PNU,PNU,Frequentist mixture cure,susceptible,survival,5,0.087772,95% CI,0.114315,8.02e-4,0.10415,0.41244
PNU,PNU,Frequentist mixture cure,susceptible,survival,6,0.071471,95% CI,0.106758,4.4e-4,0.086955,0.386518
PNU,PNU,Frequentist mixture cure,susceptible,survival,7,0.059618,95% CI,0.100463,2.54e-4,0.07417,0.36464800000000003
PNU,PNU,Frequentist mixture cure,susceptible,survival,8,0.050664,95% CI,0.095116,1.58e-4,0.064503,0.344513
PNU,PNU,Frequentist mixture cure,susceptible,survival,9,0.043698,95% CI,0.0905,1e-4,0.056154,0.328109
PNU,PNU,Frequentist mixture cure,susceptible,survival,10,0.038148,95% CI,0.086463,5.9e-5,0.049731,0.314495
PNU,PNU,Frequentist no-cure lognormal,overall,risk,1,0.222887,95% CI,0.064659,0.141862,0.236711,0.397764
PNU,PNU,Frequentist no-cure lognormal,overall,risk,2,0.311603,95% CI,0.083809,0.207852,0.320896,0.536714
PNU,PNU,Frequentist no-cure lognormal,overall,risk,3,0.36968,95% CI,0.094854,0.251623,0.375898,0.619457
PNU,PNU,Frequentist no-cure lognormal,overall,risk,4,0.412871,95% CI,0.102,0.281067,0.416188,0.679243
PNU,PNU,Frequentist no-cure lognormal,overall,risk,5,0.447146,95% CI,0.106928,0.307078,0.448123,0.719026
PNU,PNU,Frequentist no-cure lognormal,overall,risk,6,0.475459,95% CI,0.110463,0.326807,0.475171,0.752479
PNU,PNU,Frequentist no-cure lognormal,overall,risk,7,0.4995,95% CI,0.113065,0.345239,0.497682,0.780352
PNU,PNU,Frequentist no-cure lognormal,overall,risk,8,0.520331,95% CI,0.11501,0.359768,0.517701,0.801922
PNU,PNU,Frequentist no-cure lognormal,overall,risk,9,0.538661,95% CI,0.116477,0.372803,0.534782,0.819514
PNU,PNU,Frequentist no-cure lognormal,overall,risk,10,0.554989,95% CI,0.117587,0.383231,0.550419,0.833765
PNU,PNU,Frequentist no-cure lognormal,overall,survival,1,0.777113,95% CI,0.064659,0.602236,0.763289,0.858138
PNU,PNU,Frequentist no-cure lognormal,overall,survival,2,0.688397,95% CI,0.083809,0.463286,0.679104,0.792148
PNU,PNU,Frequentist no-cure lognormal,overall,survival,3,0.63032,95% CI,0.094854,0.380543,0.624102,0.748377
PNU,PNU,Frequentist no-cure lognormal,overall,survival,4,0.587129,95% CI,0.102,0.320757,0.583812,0.718933
PNU,PNU,Frequentist no-cure lognormal,overall,survival,5,0.552854,95% CI,0.106928,0.280974,0.551877,0.692922
PNU,PNU,Frequentist no-cure lognormal,overall,survival,6,0.524541,95% CI,0.110463,0.247521,0.524829,0.673193
PNU,PNU,Frequentist no-cure lognormal,overall,survival,7,0.5005,95% CI,0.113065,0.219648,0.502318,0.654761
PNU,PNU,Frequentist no-cure lognormal,overall,survival,8,0.479669,95% CI,0.11501,0.198078,0.482299,0.640232
PNU,PNU,Frequentist no-cure lognormal,overall,survival,9,0.461339,95% CI,0.116477,0.180486,0.465218,0.627197
PNU,PNU,Frequentist no-cure lognormal,overall,survival,10,0.445011,95% CI,0.117587,0.166235,0.449581,0.616769
PNU,PNU,KM benchmark,overall,risk,1,0.169858,95% CI,NA,0.052361,NA,0.272787
PNU,PNU,KM benchmark,overall,risk,2,0.298819,95% CI,NA,0.132606,NA,0.433182
PNU,PNU,KM benchmark,overall,risk,3,0.298819,95% CI,NA,0.132606,NA,0.433182
PNU,PNU,KM benchmark,overall,risk,4,0.298819,95% CI,NA,0.132606,NA,0.433182
PNU,PNU,KM benchmark,overall,risk,5,0.298819,95% CI,NA,0.132606,NA,0.433182
PNU,PNU,KM benchmark,overall,risk,6,0.298819,95% CI,NA,0.132606,NA,0.433182
PNU,PNU,KM benchmark,overall,risk,7,0.298819,95% CI,NA,0.132606,NA,0.433182
PNU,PNU,KM benchmark,overall,risk,8,0.298819,95% CI,NA,0.132606,NA,0.433182
PNU,PNU,KM benchmark,overall,risk,9,0.298819,95% CI,NA,0.132606,NA,0.433182
PNU,PNU,KM benchmark,overall,risk,10,0.298819,95% CI,NA,0.132606,NA,0.433182
PNU,PNU,KM benchmark,overall,survival,1,0.830142,95% CI,NA,0.727213,NA,0.947639
PNU,PNU,KM benchmark,overall,survival,2,0.701181,95% CI,NA,0.566818,NA,0.867394
PNU,PNU,KM benchmark,overall,survival,3,0.701181,95% CI,NA,0.566818,NA,0.867394
PNU,PNU,KM benchmark,overall,survival,4,0.701181,95% CI,NA,0.566818,NA,0.867394
PNU,PNU,KM benchmark,overall,survival,5,0.701181,95% CI,NA,0.566818,NA,0.867394
PNU,PNU,KM benchmark,overall,survival,6,0.701181,95% CI,NA,0.566818,NA,0.867394
PNU,PNU,KM benchmark,overall,survival,7,0.701181,95% CI,NA,0.566818,NA,0.867394
PNU,PNU,KM benchmark,overall,survival,8,0.701181,95% CI,NA,0.566818,NA,0.867394
PNU,PNU,KM benchmark,overall,survival,9,0.701181,95% CI,NA,0.566818,NA,0.867394
PNU,PNU,KM benchmark,overall,survival,10,0.701181,95% CI,NA,0.566818,NA,0.867394
SNU,SNU,Bayesian transition-only cure,overall,risk,1,0.088654,95% CrI,0.016125,0.059177,0.088629,0.124525
SNU,SNU,Bayesian transition-only cure,overall,risk,2,0.139046,95% CrI,0.020739,0.09968,0.137848,0.181927
SNU,SNU,Bayesian transition-only cure,overall,risk,3,0.175402,95% CrI,0.024422,0.130656,0.175468,0.224072
SNU,SNU,Bayesian transition-only cure,overall,risk,4,0.204025,95% CrI,0.027615,0.153927,0.2041,0.262677
SNU,SNU,Bayesian transition-only cure,overall,risk,5,0.227658,95% CrI,0.03045,0.172405,0.228057,0.292627
SNU,SNU,Bayesian transition-only cure,overall,risk,6,0.247776,95% CrI,0.033003,0.189265,0.248428,0.318657
SNU,SNU,Bayesian transition-only cure,overall,risk,7,0.265275,95% CrI,0.035326,0.201339,0.265893,0.340987
SNU,SNU,Bayesian transition-only cure,overall,risk,8,0.280743,95% CrI,0.037458,0.213799,0.281248,0.362002
SNU,SNU,Bayesian transition-only cure,overall,risk,9,0.294586,95% CrI,0.039428,0.225976,0.295367,0.38087
SNU,SNU,Bayesian transition-only cure,overall,risk,10,0.3071,95% CrI,0.04126,0.235138,0.30837,0.400652
SNU,SNU,Bayesian transition-only cure,overall,survival,1,0.911346,95% CrI,0.016125,0.875475,0.911371,0.940823
SNU,SNU,Bayesian transition-only cure,overall,survival,2,0.860954,95% CrI,0.020739,0.818073,0.862152,0.90032
SNU,SNU,Bayesian transition-only cure,overall,survival,3,0.824598,95% CrI,0.024422,0.775928,0.824532,0.869344
SNU,SNU,Bayesian transition-only cure,overall,survival,4,0.795975,95% CrI,0.027615,0.737323,0.7959,0.846073
SNU,SNU,Bayesian transition-only cure,overall,survival,5,0.772342,95% CrI,0.03045,0.707373,0.771943,0.827595
SNU,SNU,Bayesian transition-only cure,overall,survival,6,0.752224,95% CrI,0.033003,0.681343,0.751572,0.810735
SNU,SNU,Bayesian transition-only cure,overall,survival,7,0.734725,95% CrI,0.035326,0.659013,0.734107,0.798661
SNU,SNU,Bayesian transition-only cure,overall,survival,8,0.719257,95% CrI,0.037458,0.637998,0.718752,0.786201
SNU,SNU,Bayesian transition-only cure,overall,survival,9,0.705414,95% CrI,0.039428,0.61913,0.704633,0.774024
SNU,SNU,Bayesian transition-only cure,overall,survival,10,0.6929,95% CrI,0.04126,0.599348,0.69163,0.764862
SNU,SNU,Bayesian transition-only cure,susceptible,risk,1,0.127708,95% CrI,0.042072,0.071836,0.118491,0.236087
SNU,SNU,Bayesian transition-only cure,susceptible,risk,2,0.199477,95% CrI,0.060836,0.11978,0.184754,0.362074
SNU,SNU,Bayesian transition-only cure,susceptible,risk,3,0.250753,95% CrI,0.072822,0.155649,0.230238,0.436907
SNU,SNU,Bayesian transition-only cure,susceptible,risk,4,0.290831,95% CrI,0.081227,0.182199,0.268858,0.492771
SNU,SNU,Bayesian transition-only cure,susceptible,risk,5,0.32373,95% CrI,0.087445,0.205025,0.300121,0.536816
SNU,SNU,Bayesian transition-only cure,susceptible,risk,6,0.351602,95% CrI,0.092211,0.224195,0.328974,0.572471
SNU,SNU,Bayesian transition-only cure,susceptible,risk,7,0.375745,95% CrI,0.095957,0.241537,0.354094,0.602154
SNU,SNU,Bayesian transition-only cure,susceptible,risk,8,0.397009,95% CrI,0.098954,0.256557,0.375518,0.628232
SNU,SNU,Bayesian transition-only cure,susceptible,risk,9,0.415979,95% CrI,0.101385,0.26968,0.395932,0.651215
SNU,SNU,Bayesian transition-only cure,susceptible,risk,10,0.433079,95% CrI,0.103378,0.282952,0.412921,0.671312
SNU,SNU,Bayesian transition-only cure,susceptible,survival,1,0.872292,95% CrI,0.042072,0.763913,0.881509,0.928164
SNU,SNU,Bayesian transition-only cure,susceptible,survival,2,0.800523,95% CrI,0.060836,0.637926,0.815246,0.88022
SNU,SNU,Bayesian transition-only cure,susceptible,survival,3,0.749247,95% CrI,0.072822,0.563093,0.769762,0.844351
SNU,SNU,Bayesian transition-only cure,susceptible,survival,4,0.709169,95% CrI,0.081227,0.507229,0.731142,0.817801
SNU,SNU,Bayesian transition-only cure,susceptible,survival,5,0.67627,95% CrI,0.087445,0.463184,0.699879,0.794975
SNU,SNU,Bayesian transition-only cure,susceptible,survival,6,0.648398,95% CrI,0.092211,0.427529,0.671026,0.775805
SNU,SNU,Bayesian transition-only cure,susceptible,survival,7,0.624255,95% CrI,0.095957,0.397846,0.645906,0.758463
SNU,SNU,Bayesian transition-only cure,susceptible,survival,8,0.602991,95% CrI,0.098954,0.371768,0.624482,0.743443
SNU,SNU,Bayesian transition-only cure,susceptible,survival,9,0.584021,95% CrI,0.101385,0.348785,0.604068,0.73032
SNU,SNU,Bayesian transition-only cure,susceptible,survival,10,0.566921,95% CrI,0.103378,0.328688,0.587079,0.717048
SNU,SNU,Frequentist mixture cure,overall,risk,1,0.0839,95% CI,0.03401,0.003082,0.055613,0.115692
SNU,SNU,Frequentist mixture cure,overall,risk,2,0.131967,95% CI,0.052079,0.00489,0.089413,0.172835
SNU,SNU,Frequentist mixture cure,overall,risk,3,0.167496,95% CI,0.065536,0.00632,0.113342,0.217718
SNU,SNU,Frequentist mixture cure,overall,risk,4,0.196079,95% CI,0.076402,0.00729,0.132872,0.252409
SNU,SNU,Frequentist mixture cure,overall,risk,5,0.220132,95% CI,0.085559,0.008042,0.149625,0.281467
SNU,SNU,Frequentist mixture cure,overall,risk,6,0.240956,95% CI,0.093488,0.008656,0.163411,0.308535
SNU,SNU,Frequentist mixture cure,overall,risk,7,0.259345,95% CI,0.100485,0.009359,0.177099,0.332113
SNU,SNU,Frequentist mixture cure,overall,risk,8,0.275823,95% CI,0.106748,0.010057,0.187966,0.350923
SNU,SNU,Frequentist mixture cure,overall,risk,9,0.290758,95% CI,0.112418,0.010653,0.19859,0.369287
SNU,SNU,Frequentist mixture cure,overall,risk,10,0.304417,95% CI,0.117595,0.011091,0.208188,0.386736
SNU,SNU,Frequentist mixture cure,overall,survival,1,0.9161,95% CI,0.03401,0.884308,0.944387,0.996918
SNU,SNU,Frequentist mixture cure,overall,survival,2,0.868033,95% CI,0.052079,0.827165,0.910587,0.99511
SNU,SNU,Frequentist mixture cure,overall,survival,3,0.832504,95% CI,0.065536,0.782282,0.886658,0.99368
SNU,SNU,Frequentist mixture cure,overall,survival,4,0.803921,95% CI,0.076402,0.747591,0.867128,0.99271
SNU,SNU,Frequentist mixture cure,overall,survival,5,0.779868,95% CI,0.085559,0.718533,0.850375,0.991958
SNU,SNU,Frequentist mixture cure,overall,survival,6,0.759044,95% CI,0.093488,0.691465,0.836589,0.991344
SNU,SNU,Frequentist mixture cure,overall,survival,7,0.740655,95% CI,0.100485,0.667887,0.822901,0.990641
SNU,SNU,Frequentist mixture cure,overall,survival,8,0.724177,95% CI,0.106748,0.649077,0.812034,0.989943
SNU,SNU,Frequentist mixture cure,overall,survival,9,0.709242,95% CI,0.112418,0.630713,0.80141,0.989347
SNU,SNU,Frequentist mixture cure,overall,survival,10,0.695583,95% CI,0.117595,0.613264,0.791812,0.988909
SNU,SNU,Frequentist mixture cure,susceptible,risk,1,0.088811,95% CI,0.018107,0.06062,0.092688,0.131358
SNU,SNU,Frequentist mixture cure,susceptible,risk,2,0.139333,95% CI,0.023739,0.101993,0.143757,0.195205
SNU,SNU,Frequentist mixture cure,susceptible,risk,3,0.176596,95% CI,0.028204,0.133425,0.18092,0.244359
SNU,SNU,Frequentist mixture cure,susceptible,risk,4,0.206534,95% CI,0.031998,0.158644,0.211073,0.284367
SNU,SNU,Frequentist mixture cure,susceptible,risk,5,0.231702,95% CI,0.035288,0.179229,0.236026,0.317544
SNU,SNU,Frequentist mixture cure,susceptible,risk,6,0.253475,95% CI,0.038176,0.19737,0.257711,0.347104
SNU,SNU,Frequentist mixture cure,susceptible,risk,7,0.27269,95% CI,0.040738,0.212798,0.276817,0.373544
SNU,SNU,Frequentist mixture cure,susceptible,risk,8,0.2899,95% CI,0.043028,0.2272,0.293895,0.396792
SNU,SNU,Frequentist mixture cure,susceptible,risk,9,0.30549,95% CI,0.045089,0.23988399999999999,0.309518,0.419182
SNU,SNU,Frequentist mixture cure,susceptible,risk,10,0.319742,95% CI,0.046956,0.251384,0.323708,0.438592
SNU,SNU,Frequentist mixture cure,susceptible,survival,1,0.911189,95% CI,0.018107,0.868642,0.907312,0.93938
SNU,SNU,Frequentist mixture cure,susceptible,survival,2,0.860667,95% CI,0.023739,0.804795,0.856243,0.898007
SNU,SNU,Frequentist mixture cure,susceptible,survival,3,0.823404,95% CI,0.028204,0.755641,0.81908,0.866575
SNU,SNU,Frequentist mixture cure,susceptible,survival,4,0.793466,95% CI,0.031998,0.715633,0.788927,0.841356
SNU,SNU,Frequentist mixture cure,susceptible,survival,5,0.768298,95% CI,0.035288,0.682456,0.763974,0.820771
SNU,SNU,Frequentist mixture cure,susceptible,survival,6,0.746525,95% CI,0.038176,0.652896,0.742289,0.80263
SNU,SNU,Frequentist mixture cure,susceptible,survival,7,0.72731,95% CI,0.040738,0.626456,0.723183,0.787202
SNU,SNU,Frequentist mixture cure,susceptible,survival,8,0.7101,95% CI,0.043028,0.603208,0.706105,0.7728
SNU,SNU,Frequentist mixture cure,susceptible,survival,9,0.69451,95% CI,0.045089,0.580818,0.690482,0.760116
SNU,SNU,Frequentist mixture cure,susceptible,survival,10,0.680258,95% CI,0.046956,0.561408,0.676292,0.748616
SNU,SNU,Frequentist no-cure lognormal,overall,risk,1,0.084171,95% CI,0.01678,0.058214,0.08763,0.123574
SNU,SNU,Frequentist no-cure lognormal,overall,risk,2,0.132553,95% CI,0.022026,0.099543,0.136402,0.18449
SNU,SNU,Frequentist no-cure lognormal,overall,risk,3,0.168409,95% CI,0.02632,0.128788,0.172584,0.230565
SNU,SNU,Frequentist no-cure lognormal,overall,risk,4,0.197313,95% CI,0.030042,0.152759,0.201362,0.268718
SNU,SNU,Frequentist no-cure lognormal,overall,risk,5,0.221677,95% CI,0.033312,0.17302,0.225627,0.302015
SNU,SNU,Frequentist no-cure lognormal,overall,risk,6,0.242799,95% CI,0.03621,0.190001,0.246622,0.330664
SNU,SNU,Frequentist no-cure lognormal,overall,risk,7,0.261475,95% CI,0.038799,0.205343,0.264871,0.356355
SNU,SNU,Frequentist no-cure lognormal,overall,risk,8,0.278229,95% CI,0.041127,0.218472,0.281237,0.378175
SNU,SNU,Frequentist no-cure lognormal,overall,risk,9,0.293429,95% CI,0.043233,0.230357,0.296292,0.39884
SNU,SNU,Frequentist no-cure lognormal,overall,risk,10,0.307343,95% CI,0.045149,0.240813,0.310138,0.41787
SNU,SNU,Frequentist no-cure lognormal,overall,survival,1,0.915829,95% CI,0.01678,0.876426,0.91237,0.941786
SNU,SNU,Frequentist no-cure lognormal,overall,survival,2,0.867447,95% CI,0.022026,0.81551,0.863598,0.900457
SNU,SNU,Frequentist no-cure lognormal,overall,survival,3,0.831591,95% CI,0.02632,0.769435,0.827416,0.871212
SNU,SNU,Frequentist no-cure lognormal,overall,survival,4,0.802687,95% CI,0.030042,0.731282,0.798638,0.847241
SNU,SNU,Frequentist no-cure lognormal,overall,survival,5,0.778323,95% CI,0.033312,0.697985,0.774373,0.82698
SNU,SNU,Frequentist no-cure lognormal,overall,survival,6,0.757201,95% CI,0.03621,0.669336,0.753378,0.809999
SNU,SNU,Frequentist no-cure lognormal,overall,survival,7,0.738525,95% CI,0.038799,0.643645,0.735129,0.794657
SNU,SNU,Frequentist no-cure lognormal,overall,survival,8,0.721771,95% CI,0.041127,0.621825,0.718763,0.781528
SNU,SNU,Frequentist no-cure lognormal,overall,survival,9,0.706571,95% CI,0.043233,0.60116,0.703708,0.769643
SNU,SNU,Frequentist no-cure lognormal,overall,survival,10,0.692657,95% CI,0.045149,0.58213,0.689862,0.759187
SNU,SNU,KM benchmark,overall,risk,1,0.072754,95% CI,NA,0.03524,NA,0.108809
SNU,SNU,KM benchmark,overall,risk,2,0.121529,95% CI,NA,0.072237,NA,0.168203
SNU,SNU,KM benchmark,overall,risk,3,0.168971,95% CI,NA,0.110171,NA,0.223885
SNU,SNU,KM benchmark,overall,risk,4,0.18343,95% CI,NA,0.121973,NA,0.240586
SNU,SNU,KM benchmark,overall,risk,5,0.21081,95% CI,NA,0.143128,NA,0.273146
SNU,SNU,KM benchmark,overall,risk,6,0.247209,95% CI,NA,0.163121,NA,0.322847
SNU,SNU,KM benchmark,overall,risk,7,0.247209,95% CI,NA,0.163121,NA,0.322847
SNU,SNU,KM benchmark,overall,risk,8,0.32645,95% CI,NA,0.187884,NA,0.441373
SNU,SNU,KM benchmark,overall,risk,9,0.32645,95% CI,NA,0.187884,NA,0.441373
SNU,SNU,KM benchmark,overall,risk,10,0.32645,95% CI,NA,0.187884,NA,0.441373
SNU,SNU,KM benchmark,overall,survival,1,0.927246,95% CI,NA,0.891191,NA,0.96476
SNU,SNU,KM benchmark,overall,survival,2,0.878471,95% CI,NA,0.831797,NA,0.927763
SNU,SNU,KM benchmark,overall,survival,3,0.831029,95% CI,NA,0.776115,NA,0.889829
SNU,SNU,KM benchmark,overall,survival,4,0.81657,95% CI,NA,0.759414,NA,0.878027
SNU,SNU,KM benchmark,overall,survival,5,0.78919,95% CI,NA,0.726854,NA,0.856872
SNU,SNU,KM benchmark,overall,survival,6,0.752791,95% CI,NA,0.677153,NA,0.836879
SNU,SNU,KM benchmark,overall,survival,7,0.752791,95% CI,NA,0.677153,NA,0.836879
SNU,SNU,KM benchmark,overall,survival,8,0.67355,95% CI,NA,0.558627,NA,0.812116
SNU,SNU,KM benchmark,overall,survival,9,0.67355,95% CI,NA,0.558627,NA,0.812116
SNU,SNU,KM benchmark,overall,survival,10,0.67355,95% CI,NA,0.558627,NA,0.812116
merged,Merged,Bayesian transition-only cure,overall,risk,1,0.113697,95% CrI,0.018103,0.080253,0.114471,0.150947
merged,Merged,Bayesian transition-only cure,overall,risk,2,0.168616,95% CrI,0.022778,0.125095,0.167709,0.213077
merged,Merged,Bayesian transition-only cure,overall,risk,3,0.206634,95% CrI,0.026094,0.157481,0.205081,0.257183
merged,Merged,Bayesian transition-only cure,overall,risk,4,0.23589,95% CrI,0.028774,0.182619,0.233181,0.292964
merged,Merged,Bayesian transition-only cure,overall,risk,5,0.259685,95% CrI,0.031064,0.202058,0.256108,0.322536
merged,Merged,Bayesian transition-only cure,overall,risk,6,0.279723,95% CrI,0.033083,0.219207,0.276702,0.347282
merged,Merged,Bayesian transition-only cure,overall,risk,7,0.297007,95% CrI,0.034901,0.234897,0.294741,0.368563
merged,Merged,Bayesian transition-only cure,overall,risk,8,0.312185,95% CrI,0.03656,0.248915,0.310121,0.387343
merged,Merged,Bayesian transition-only cure,overall,risk,9,0.325696,95% CrI,0.038091,0.259788,0.32467,0.404692
merged,Merged,Bayesian transition-only cure,overall,risk,10,0.337856,95% CrI,0.039515,0.270191,0.336269,0.419702
merged,Merged,Bayesian transition-only cure,overall,survival,1,0.886303,95% CrI,0.018103,0.849053,0.885529,0.919747
merged,Merged,Bayesian transition-only cure,overall,survival,2,0.831384,95% CrI,0.022778,0.786923,0.832291,0.874905
merged,Merged,Bayesian transition-only cure,overall,survival,3,0.793366,95% CrI,0.026094,0.742817,0.794919,0.842519
merged,Merged,Bayesian transition-only cure,overall,survival,4,0.76411,95% CrI,0.028774,0.707036,0.766819,0.817381
merged,Merged,Bayesian transition-only cure,overall,survival,5,0.740315,95% CrI,0.031064,0.677464,0.743892,0.797942
merged,Merged,Bayesian transition-only cure,overall,survival,6,0.720277,95% CrI,0.033083,0.652718,0.723298,0.780793
merged,Merged,Bayesian transition-only cure,overall,survival,7,0.702993,95% CrI,0.034901,0.631437,0.705259,0.765103
merged,Merged,Bayesian transition-only cure,overall,survival,8,0.687815,95% CrI,0.03656,0.612657,0.689879,0.751085
merged,Merged,Bayesian transition-only cure,overall,survival,9,0.674304,95% CrI,0.038091,0.595308,0.67533,0.740212
merged,Merged,Bayesian transition-only cure,overall,survival,10,0.662144,95% CrI,0.039515,0.580298,0.663731,0.729809
merged,Merged,Bayesian transition-only cure,susceptible,risk,1,0.159684,95% CrI,0.047017,0.093658,0.150711,0.284338
merged,Merged,Bayesian transition-only cure,susceptible,risk,2,0.235957,95% CrI,0.064361,0.146876,0.224138,0.421924
merged,Merged,Bayesian transition-only cure,susceptible,risk,3,0.288336,95% CrI,0.074639,0.186038,0.274325,0.495276
merged,Merged,Bayesian transition-only cure,susceptible,risk,4,0.328408,95% CrI,0.081504,0.217018,0.312745,0.546478
merged,Merged,Bayesian transition-only cure,susceptible,risk,5,0.360848,95% CrI,0.086393,0.24173,0.342366,0.585711
merged,Merged,Bayesian transition-only cure,susceptible,risk,6,0.388062,95% CrI,0.090018,0.262369,0.370443,0.618696
merged,Merged,Bayesian transition-only cure,susceptible,risk,7,0.411461,95% CrI,0.09278,0.280389,0.39383,0.650112
merged,Merged,Bayesian transition-only cure,susceptible,risk,8,0.431949,95% CrI,0.094923,0.296748,0.413455,0.676799
merged,Merged,Bayesian transition-only cure,susceptible,risk,9,0.450142,95% CrI,0.096607,0.311488,0.431338,0.699595
merged,Merged,Bayesian transition-only cure,susceptible,risk,10,0.466479,95% CrI,0.097943,0.324706,0.44717,0.719331
merged,Merged,Bayesian transition-only cure,susceptible,survival,1,0.840316,95% CrI,0.047017,0.715662,0.849289,0.906342
merged,Merged,Bayesian transition-only cure,susceptible,survival,2,0.764043,95% CrI,0.064361,0.578076,0.775862,0.853124
merged,Merged,Bayesian transition-only cure,susceptible,survival,3,0.711664,95% CrI,0.074639,0.504724,0.725675,0.813962
merged,Merged,Bayesian transition-only cure,susceptible,survival,4,0.671592,95% CrI,0.081504,0.453522,0.687255,0.782982
merged,Merged,Bayesian transition-only cure,susceptible,survival,5,0.639152,95% CrI,0.086393,0.414289,0.657634,0.75827
merged,Merged,Bayesian transition-only cure,susceptible,survival,6,0.611938,95% CrI,0.090018,0.381304,0.629557,0.737631
merged,Merged,Bayesian transition-only cure,susceptible,survival,7,0.588539,95% CrI,0.09278,0.349888,0.60617,0.719611
merged,Merged,Bayesian transition-only cure,susceptible,survival,8,0.568051,95% CrI,0.094923,0.323201,0.586545,0.703252
merged,Merged,Bayesian transition-only cure,susceptible,survival,9,0.549858,95% CrI,0.096607,0.300405,0.568662,0.688512
merged,Merged,Bayesian transition-only cure,susceptible,survival,10,0.533521,95% CrI,0.097943,0.280669,0.55283,0.675294
merged,Merged,Frequentist mixture cure,overall,risk,1,0.108907,95% CI,0.037063,0.009527,0.061874,0.131688
merged,Merged,Frequentist mixture cure,overall,risk,2,0.161693,95% CI,0.054853,0.012801,0.088809,0.190269
merged,Merged,Frequentist mixture cure,overall,risk,3,0.199048,95% CI,0.067751,0.01437,0.107621,0.232608
merged,Merged,Frequentist mixture cure,overall,risk,4,0.228342,95% CI,0.078008,0.015328,0.12134,0.265083
merged,Merged,Frequentist mixture cure,overall,risk,5,0.252556,95% CI,0.086567,0.016076,0.133469,0.291387
merged,Merged,Frequentist mixture cure,overall,risk,6,0.273239,95% CI,0.093926,0.016626,0.142704,0.315408
merged,Merged,Frequentist mixture cure,overall,risk,7,0.291306,95% CI,0.100386,0.017236,0.150485,0.336096
merged,Merged,Frequentist mixture cure,overall,risk,8,0.307353,95% CI,0.106146,0.017647,0.157601,0.354757
merged,Merged,Frequentist mixture cure,overall,risk,9,0.321787,95% CI,0.111343,0.018048,0.165256,0.371266
merged,Merged,Frequentist mixture cure,overall,risk,10,0.334903,95% CI,0.116076,0.0183,0.171068,0.385986
merged,Merged,Frequentist mixture cure,overall,survival,1,0.891093,95% CI,0.037063,0.868312,0.938126,0.990473
merged,Merged,Frequentist mixture cure,overall,survival,2,0.838307,95% CI,0.054853,0.809731,0.911191,0.987199
merged,Merged,Frequentist mixture cure,overall,survival,3,0.800952,95% CI,0.067751,0.767392,0.892379,0.98563
merged,Merged,Frequentist mixture cure,overall,survival,4,0.771658,95% CI,0.078008,0.734917,0.87866,0.984672
merged,Merged,Frequentist mixture cure,overall,survival,5,0.747444,95% CI,0.086567,0.708613,0.866531,0.983924
merged,Merged,Frequentist mixture cure,overall,survival,6,0.726761,95% CI,0.093926,0.684592,0.857296,0.983374
merged,Merged,Frequentist mixture cure,overall,survival,7,0.708694,95% CI,0.100386,0.663904,0.849515,0.982764
merged,Merged,Frequentist mixture cure,overall,survival,8,0.692647,95% CI,0.106146,0.645243,0.842399,0.982353
merged,Merged,Frequentist mixture cure,overall,survival,9,0.678213,95% CI,0.111343,0.628734,0.834744,0.981952
merged,Merged,Frequentist mixture cure,overall,survival,10,0.665097,95% CI,0.116076,0.614014,0.828932,0.9817
merged,Merged,Frequentist mixture cure,susceptible,risk,1,0.123879,95% CI,0.045155,0.074858,0.12807,0.250558
merged,Merged,Frequentist mixture cure,susceptible,risk,2,0.182908,95% CI,0.056557,0.114585,0.18684,0.332798
merged,Merged,Frequentist mixture cure,susceptible,risk,3,0.22447,95% CI,0.063543,0.143618,0.228172,0.386596
merged,Merged,Frequentist mixture cure,susceptible,risk,4,0.256959,95% CI,0.06853,0.164767,0.260579,0.426014
merged,Merged,Frequentist mixture cure,susceptible,risk,5,0.283752,95% CI,0.072356,0.182492,0.287237,0.457864
merged,Merged,Frequentist mixture cure,susceptible,risk,6,0.306594,95% CI,0.075422,0.198455,0.309602,0.485504
merged,Merged,Frequentist mixture cure,susceptible,risk,7,0.326519,95% CI,0.077949,0.212831,0.328494,0.509813
merged,Merged,Frequentist mixture cure,susceptible,risk,8,0.344193,95% CI,0.080076,0.225111,0.345947,0.531771
merged,Merged,Frequentist mixture cure,susceptible,risk,9,0.360073,95% CI,0.081895,0.236523,0.361414,0.549247
merged,Merged,Frequentist mixture cure,susceptible,risk,10,0.374487,95% CI,0.083469,0.246371,0.375703,0.565369
merged,Merged,Frequentist mixture cure,susceptible,survival,1,0.876121,95% CI,0.045155,0.749442,0.87193,0.925142
merged,Merged,Frequentist mixture cure,susceptible,survival,2,0.817092,95% CI,0.056557,0.667202,0.81316,0.885415
merged,Merged,Frequentist mixture cure,susceptible,survival,3,0.77553,95% CI,0.063543,0.613404,0.771828,0.856382
merged,Merged,Frequentist mixture cure,susceptible,survival,4,0.743041,95% CI,0.06853,0.573986,0.739421,0.835233
merged,Merged,Frequentist mixture cure,susceptible,survival,5,0.716248,95% CI,0.072356,0.542136,0.712763,0.817508
merged,Merged,Frequentist mixture cure,susceptible,survival,6,0.693406,95% CI,0.075422,0.514496,0.690398,0.801545
merged,Merged,Frequentist mixture cure,susceptible,survival,7,0.673481,95% CI,0.077949,0.490187,0.671506,0.787169
merged,Merged,Frequentist mixture cure,susceptible,survival,8,0.655807,95% CI,0.080076,0.468229,0.654053,0.774889
merged,Merged,Frequentist mixture cure,susceptible,survival,9,0.639927,95% CI,0.081895,0.450753,0.638586,0.763477
merged,Merged,Frequentist mixture cure,susceptible,survival,10,0.625513,95% CI,0.083469,0.434631,0.624297,0.753629
merged,Merged,Frequentist no-cure lognormal,overall,risk,1,0.108696,95% CI,0.017583,0.080122,0.111222,0.147783
merged,Merged,Frequentist no-cure lognormal,overall,risk,2,0.161774,95% CI,0.022748,0.124615,0.164595,0.214681
merged,Merged,Frequentist no-cure lognormal,overall,risk,3,0.199586,95% CI,0.026754,0.156399,0.202547,0.263597
merged,Merged,Frequentist no-cure lognormal,overall,risk,4,0.229391,95% CI,0.030076,0.182376,0.231734,0.301504
merged,Merged,Frequentist no-cure lognormal,overall,risk,5,0.254133,95% CI,0.032907,0.202889,0.256333,0.332285
merged,Merged,Frequentist no-cure lognormal,overall,risk,6,0.275342,95% CI,0.035361,0.220907,0.277048,0.359528
merged,Merged,Frequentist no-cure lognormal,overall,risk,7,0.29393,95% CI,0.037516,0.236015,0.295519,0.383625
merged,Merged,Frequentist no-cure lognormal,overall,risk,8,0.310487,95% CI,0.039428,0.249449,0.311932,0.404521
merged,Merged,Frequentist no-cure lognormal,overall,risk,9,0.325418,95% CI,0.04114,0.261337,0.326686,0.423341
merged,Merged,Frequentist no-cure lognormal,overall,risk,10,0.339018,95% CI,0.042683,0.272763,0.34026,0.440682
merged,Merged,Frequentist no-cure lognormal,overall,survival,1,0.891304,95% CI,0.017583,0.852217,0.888778,0.919878
merged,Merged,Frequentist no-cure lognormal,overall,survival,2,0.838226,95% CI,0.022748,0.785319,0.835405,0.875385
merged,Merged,Frequentist no-cure lognormal,overall,survival,3,0.800414,95% CI,0.026754,0.736403,0.797453,0.843601
merged,Merged,Frequentist no-cure lognormal,overall,survival,4,0.770609,95% CI,0.030076,0.698496,0.768266,0.817624
merged,Merged,Frequentist no-cure lognormal,overall,survival,5,0.745867,95% CI,0.032907,0.667715,0.743667,0.797111
merged,Merged,Frequentist no-cure lognormal,overall,survival,6,0.724658,95% CI,0.035361,0.640472,0.722952,0.779093
merged,Merged,Frequentist no-cure lognormal,overall,survival,7,0.70607,95% CI,0.037516,0.616375,0.704481,0.763985
merged,Merged,Frequentist no-cure lognormal,overall,survival,8,0.689513,95% CI,0.039428,0.595479,0.688068,0.750551
merged,Merged,Frequentist no-cure lognormal,overall,survival,9,0.674582,95% CI,0.04114,0.576659,0.673314,0.738663
merged,Merged,Frequentist no-cure lognormal,overall,survival,10,0.660982,95% CI,0.042683,0.559318,0.65974,0.727237
merged,Merged,KM benchmark,overall,risk,1,0.09152,95% CI,NA,0.054164,NA,0.127401
merged,Merged,KM benchmark,overall,risk,2,0.153427,95% CI,NA,0.103911,NA,0.200208
merged,Merged,KM benchmark,overall,risk,3,0.198796,95% CI,NA,0.140715,NA,0.252951
merged,Merged,KM benchmark,overall,risk,4,0.212736,95% CI,NA,0.15219,NA,0.268959
merged,Merged,KM benchmark,overall,risk,5,0.239134,95% CI,NA,0.172764,NA,0.300179
merged,Merged,KM benchmark,overall,risk,6,0.274226,95% CI,NA,0.192306,NA,0.347837
merged,Merged,KM benchmark,overall,risk,7,0.274226,95% CI,NA,0.192306,NA,0.347837
merged,Merged,KM benchmark,overall,risk,8,0.350623,95% CI,NA,0.216562,NA,0.461744
merged,Merged,KM benchmark,overall,risk,9,0.350623,95% CI,NA,0.216562,NA,0.461744
merged,Merged,KM benchmark,overall,risk,10,0.350623,95% CI,NA,0.216562,NA,0.461744
merged,Merged,KM benchmark,overall,survival,1,0.90848,95% CI,NA,0.872599,NA,0.945836
merged,Merged,KM benchmark,overall,survival,2,0.846573,95% CI,NA,0.799792,NA,0.896089
merged,Merged,KM benchmark,overall,survival,3,0.801204,95% CI,NA,0.747049,NA,0.859285
merged,Merged,KM benchmark,overall,survival,4,0.787264,95% CI,NA,0.731041,NA,0.84781
merged,Merged,KM benchmark,overall,survival,5,0.760866,95% CI,NA,0.699821,NA,0.827236
merged,Merged,KM benchmark,overall,survival,6,0.725774,95% CI,NA,0.652163,NA,0.807694
merged,Merged,KM benchmark,overall,survival,7,0.725774,95% CI,NA,0.652163,NA,0.807694
merged,Merged,KM benchmark,overall,survival,8,0.649377,95% CI,NA,0.538256,NA,0.783438
merged,Merged,KM benchmark,overall,survival,9,0.649377,95% CI,NA,0.538256,NA,0.783438
merged,Merged,KM benchmark,overall,survival,10,0.649377,95% CI,NA,0.538256,NA,0.783438
merged_site_adjusted,Merged,Bayesian transition-only cure,overall,risk,1,0.113153,95% CrI,0.016289,0.083193,0.113352,0.144323
merged_site_adjusted,Merged,Bayesian transition-only cure,overall,risk,2,0.168772,95% CrI,0.021187,0.129735,0.169623,0.211782
merged_site_adjusted,Merged,Bayesian transition-only cure,overall,risk,3,0.20766,95% CrI,0.024989,0.162263,0.208009,0.257197
merged_site_adjusted,Merged,Bayesian transition-only cure,overall,risk,4,0.237792,95% CrI,0.028159,0.185948,0.23787,0.292197
merged_site_adjusted,Merged,Bayesian transition-only cure,overall,risk,5,0.262428,95% CrI,0.030884000000000002,0.205719,0.262514,0.320054
merged_site_adjusted,Merged,Bayesian transition-only cure,overall,risk,6,0.28326,95% CrI,0.033276,0.221848,0.283487,0.344622
merged_site_adjusted,Merged,Bayesian transition-only cure,overall,risk,7,0.301293,95% CrI,0.035406,0.235772,0.302382,0.36723
merged_site_adjusted,Merged,Bayesian transition-only cure,overall,risk,8,0.317174,95% CrI,0.037327,0.24769,0.318411,0.387625
merged_site_adjusted,Merged,Bayesian transition-only cure,overall,risk,9,0.331349,95% CrI,0.039075,0.258054,0.332149,0.405025
merged_site_adjusted,Merged,Bayesian transition-only cure,overall,risk,10,0.344135,95% CrI,0.04068,0.266554,0.34439,0.420344
merged_site_adjusted,Merged,Bayesian transition-only cure,overall,survival,1,0.886847,95% CrI,0.016289,0.855677,0.886648,0.916807
merged_site_adjusted,Merged,Bayesian transition-only cure,overall,survival,2,0.831228,95% CrI,0.021187,0.788218,0.830377,0.870265
merged_site_adjusted,Merged,Bayesian transition-only cure,overall,survival,3,0.79234,95% CrI,0.024989,0.742803,0.791991,0.837737
merged_site_adjusted,Merged,Bayesian transition-only cure,overall,survival,4,0.762208,95% CrI,0.028159,0.707803,0.76213,0.814052
merged_site_adjusted,Merged,Bayesian transition-only cure,overall,survival,5,0.737572,95% CrI,0.030884000000000002,0.679946,0.737486,0.794281
merged_site_adjusted,Merged,Bayesian transition-only cure,overall,survival,6,0.71674,95% CrI,0.033276,0.655378,0.716513,0.778152
merged_site_adjusted,Merged,Bayesian transition-only cure,overall,survival,7,0.698707,95% CrI,0.035406,0.63277,0.697618,0.764228
merged_site_adjusted,Merged,Bayesian transition-only cure,overall,survival,8,0.682826,95% CrI,0.037327,0.612375,0.681589,0.75231
merged_site_adjusted,Merged,Bayesian transition-only cure,overall,survival,9,0.668651,95% CrI,0.039075,0.594975,0.667851,0.741946
merged_site_adjusted,Merged,Bayesian transition-only cure,overall,survival,10,0.655865,95% CrI,0.04068,0.579656,0.65561,0.733446
merged_site_adjusted,Merged,Bayesian transition-only cure,susceptible,risk,1,0.149791,95% CrI,0.041243,0.093032,0.142474,0.260243
merged_site_adjusted,Merged,Bayesian transition-only cure,susceptible,risk,2,0.222491,95% CrI,0.056955,0.142271,0.21177,0.374904
merged_site_adjusted,Merged,Bayesian transition-only cure,susceptible,risk,3,0.272945,95% CrI,0.066679,0.180349,0.259697,0.449663
merged_site_adjusted,Merged,Bayesian transition-only cure,susceptible,risk,4,0.311833,95% CrI,0.073449,0.209124,0.299446,0.50411
merged_site_adjusted,Merged,Bayesian transition-only cure,susceptible,risk,5,0.343496,95% CrI,0.078467,0.231614,0.330525,0.546872
merged_site_adjusted,Merged,Bayesian transition-only cure,susceptible,risk,6,0.37018,95% CrI,0.082336,0.251472,0.358428,0.581527
merged_site_adjusted,Merged,Bayesian transition-only cure,susceptible,risk,7,0.393212,95% CrI,0.085401,0.268456,0.380648,0.610415
merged_site_adjusted,Merged,Bayesian transition-only cure,susceptible,risk,8,0.413445,95% CrI,0.087877,0.282623,0.399394,0.635007
merged_site_adjusted,Merged,Bayesian transition-only cure,susceptible,risk,9,0.431463,95% CrI,0.089908,0.295088,0.417784,0.656284
merged_site_adjusted,Merged,Bayesian transition-only cure,susceptible,risk,10,0.447684,95% CrI,0.091592,0.306592,0.435613,0.674934
merged_site_adjusted,Merged,Bayesian transition-only cure,susceptible,survival,1,0.850209,95% CrI,0.041243,0.739757,0.857526,0.906968
merged_site_adjusted,Merged,Bayesian transition-only cure,susceptible,survival,2,0.777509,95% CrI,0.056955,0.625096,0.78823,0.857729
merged_site_adjusted,Merged,Bayesian transition-only cure,susceptible,survival,3,0.727055,95% CrI,0.066679,0.550337,0.740303,0.819651
merged_site_adjusted,Merged,Bayesian transition-only cure,susceptible,survival,4,0.688167,95% CrI,0.073449,0.49589,0.700554,0.790876
merged_site_adjusted,Merged,Bayesian transition-only cure,susceptible,survival,5,0.656504,95% CrI,0.078467,0.453128,0.669475,0.768386
merged_site_adjusted,Merged,Bayesian transition-only cure,susceptible,survival,6,0.62982,95% CrI,0.082336,0.418473,0.641572,0.748528
merged_site_adjusted,Merged,Bayesian transition-only cure,susceptible,survival,7,0.606788,95% CrI,0.085401,0.389585,0.619352,0.731544
merged_site_adjusted,Merged,Bayesian transition-only cure,susceptible,survival,8,0.586555,95% CrI,0.087877,0.364993,0.600606,0.717377
merged_site_adjusted,Merged,Bayesian transition-only cure,susceptible,survival,9,0.568537,95% CrI,0.089908,0.343716,0.582216,0.704912
merged_site_adjusted,Merged,Bayesian transition-only cure,susceptible,survival,10,0.552316,95% CrI,0.091592,0.325066,0.564387,0.693408
merged_site_adjusted,Merged,Frequentist mixture cure,overall,risk,1,0.112441,95% CI,0.030032,0.031752,0.080906,0.136923
merged_site_adjusted,Merged,Frequentist mixture cure,overall,risk,2,0.167569,95% CI,0.043068,0.046451,0.120741,0.197607
merged_site_adjusted,Merged,Frequentist mixture cure,overall,risk,3,0.206364,95% CI,0.05236,0.056508,0.148062,0.241319
merged_site_adjusted,Merged,Frequentist mixture cure,overall,risk,4,0.236609,95% CI,0.059671,0.062993,0.169118,0.275173
merged_site_adjusted,Merged,Frequentist mixture cure,overall,risk,5,0.261473,95% CI,0.065719,0.068267,0.186035,0.303637
merged_site_adjusted,Merged,Frequentist mixture cure,overall,risk,6,0.2826,95% CI,0.070884,0.072955,0.200328,0.327957
merged_site_adjusted,Merged,Frequentist mixture cure,overall,risk,7,0.300968,95% CI,0.075392,0.076893,0.212377,0.348008
merged_site_adjusted,Merged,Frequentist mixture cure,overall,risk,8,0.317208,95% CI,0.07939,0.079816,0.223559,0.366196
merged_site_adjusted,Merged,Frequentist mixture cure,overall,risk,9,0.331754,95% CI,0.082981,0.082508,0.233919,0.381698
merged_site_adjusted,Merged,Frequentist mixture cure,overall,risk,10,0.344918,95% CI,0.086238,0.084875,0.242754,0.397181
merged_site_adjusted,Merged,Frequentist mixture cure,overall,survival,1,0.887559,95% CI,0.030032,0.863077,0.919094,0.968248
merged_site_adjusted,Merged,Frequentist mixture cure,overall,survival,2,0.832431,95% CI,0.043068,0.802393,0.879259,0.953549
merged_site_adjusted,Merged,Frequentist mixture cure,overall,survival,3,0.793636,95% CI,0.05236,0.758681,0.851938,0.943492
merged_site_adjusted,Merged,Frequentist mixture cure,overall,survival,4,0.763391,95% CI,0.059671,0.724827,0.830882,0.937007
merged_site_adjusted,Merged,Frequentist mixture cure,overall,survival,5,0.738527,95% CI,0.065719,0.696363,0.813965,0.931733
merged_site_adjusted,Merged,Frequentist mixture cure,overall,survival,6,0.7174,95% CI,0.070884,0.672043,0.799672,0.927045
merged_site_adjusted,Merged,Frequentist mixture cure,overall,survival,7,0.699032,95% CI,0.075392,0.651992,0.787623,0.923107
merged_site_adjusted,Merged,Frequentist mixture cure,overall,survival,8,0.682792,95% CI,0.07939,0.633804,0.776441,0.920184
merged_site_adjusted,Merged,Frequentist mixture cure,overall,survival,9,0.668246,95% CI,0.082981,0.618302,0.766081,0.917492
merged_site_adjusted,Merged,Frequentist mixture cure,overall,survival,10,0.655082,95% CI,0.086238,0.602819,0.757246,0.915125
merged_site_adjusted,Merged,Frequentist mixture cure,susceptible,risk,1,0.146071,95% CI,0.045572,0.08953,0.151656,0.267488
merged_site_adjusted,Merged,Frequentist mixture cure,susceptible,risk,2,0.214878,95% CI,0.059423,0.136979,0.219956,0.370955
merged_site_adjusted,Merged,Frequentist mixture cure,susceptible,risk,3,0.262806,95% CI,0.067884,0.170475,0.266921,0.435845
merged_site_adjusted,Merged,Frequentist mixture cure,susceptible,risk,4,0.299944,95% CI,0.073784,0.196348,0.303523,0.484243
merged_site_adjusted,Merged,Frequentist mixture cure,susceptible,risk,5,0.330344,95% CI,0.078183,0.217985,0.333652,0.52309
merged_site_adjusted,Merged,Frequentist mixture cure,susceptible,risk,6,0.356093,95% CI,0.081598,0.237111,0.358904,0.555045
merged_site_adjusted,Merged,Frequentist mixture cure,susceptible,risk,7,0.37842,95% CI,0.084325,0.25345,0.381013,0.581239
merged_site_adjusted,Merged,Frequentist mixture cure,susceptible,risk,8,0.398117,95% CI,0.086546,0.268314,0.400102,0.603857
merged_site_adjusted,Merged,Frequentist mixture cure,susceptible,risk,9,0.415728,95% CI,0.088383,0.281877,0.416962,0.622964
merged_site_adjusted,Merged,Frequentist mixture cure,susceptible,risk,10,0.431639,95% CI,0.08992,0.294035,0.432231,0.64195
merged_site_adjusted,Merged,Frequentist mixture cure,susceptible,survival,1,0.853929,95% CI,0.045572,0.732512,0.848344,0.91047
merged_site_adjusted,Merged,Frequentist mixture cure,susceptible,survival,2,0.785122,95% CI,0.059423,0.629045,0.780044,0.863021
merged_site_adjusted,Merged,Frequentist mixture cure,susceptible,survival,3,0.737194,95% CI,0.067884,0.564155,0.733079,0.829525
merged_site_adjusted,Merged,Frequentist mixture cure,susceptible,survival,4,0.700056,95% CI,0.073784,0.515757,0.696477,0.803652
merged_site_adjusted,Merged,Frequentist mixture cure,susceptible,survival,5,0.669656,95% CI,0.078183,0.47691,0.666348,0.782015
merged_site_adjusted,Merged,Frequentist mixture cure,susceptible,survival,6,0.643907,95% CI,0.081598,0.444955,0.641096,0.762889
merged_site_adjusted,Merged,Frequentist mixture cure,susceptible,survival,7,0.62158,95% CI,0.084325,0.418761,0.618987,0.74655
merged_site_adjusted,Merged,Frequentist mixture cure,susceptible,survival,8,0.601883,95% CI,0.086546,0.396143,0.599898,0.731686
merged_site_adjusted,Merged,Frequentist mixture cure,susceptible,survival,9,0.584272,95% CI,0.088383,0.377036,0.583038,0.718123
merged_site_adjusted,Merged,Frequentist mixture cure,susceptible,survival,10,0.568361,95% CI,0.08992,0.35805,0.567769,0.705965
merged_site_adjusted,Merged,Frequentist no-cure lognormal,overall,risk,1,0.111816,95% CI,0.01741,0.084156,0.115199,0.153313
merged_site_adjusted,Merged,Frequentist no-cure lognormal,overall,risk,2,0.168037,95% CI,0.022491,0.132904,0.171515,0.221378
merged_site_adjusted,Merged,Frequentist no-cure lognormal,overall,risk,3,0.208226,95% CI,0.026479,0.167295,0.211495,0.271664
merged_site_adjusted,Merged,Frequentist no-cure lognormal,overall,risk,4,0.239931,95% CI,0.029809,0.194132,0.24306,0.3111
merged_site_adjusted,Merged,Frequentist no-cure lognormal,overall,risk,5,0.266249,95% CI,0.032654,0.215895,0.269252,0.343791
merged_site_adjusted,Merged,Frequentist no-cure lognormal,overall,risk,6,0.288801,95% CI,0.035123,0.235089,0.2914,0.371605
merged_site_adjusted,Merged,Frequentist no-cure lognormal,overall,risk,7,0.308551,95% CI,0.037289,0.251529,0.31073,0.396602
merged_site_adjusted,Merged,Frequentist no-cure lognormal,overall,risk,8,0.326129,95% CI,0.039209,0.265441,0.328249,0.417635
merged_site_adjusted,Merged,Frequentist no-cure lognormal,overall,risk,9,0.341969,95% CI,0.040925,0.278332,0.343944,0.436982
merged_site_adjusted,Merged,Frequentist no-cure lognormal,overall,risk,10,0.356383,95% CI,0.042468,0.290025,0.358047,0.454659
merged_site_adjusted,Merged,Frequentist no-cure lognormal,overall,survival,1,0.888184,95% CI,0.01741,0.846687,0.884801,0.915844
merged_site_adjusted,Merged,Frequentist no-cure lognormal,overall,survival,2,0.831963,95% CI,0.022491,0.778622,0.828485,0.867096
merged_site_adjusted,Merged,Frequentist no-cure lognormal,overall,survival,3,0.791774,95% CI,0.026479,0.728336,0.788505,0.832705
merged_site_adjusted,Merged,Frequentist no-cure lognormal,overall,survival,4,0.760069,95% CI,0.029809,0.6889,0.75694,0.805868
merged_site_adjusted,Merged,Frequentist no-cure lognormal,overall,survival,5,0.733751,95% CI,0.032654,0.656209,0.730748,0.784105
merged_site_adjusted,Merged,Frequentist no-cure lognormal,overall,survival,6,0.711199,95% CI,0.035123,0.628395,0.7086,0.764911
merged_site_adjusted,Merged,Frequentist no-cure lognormal,overall,survival,7,0.691449,95% CI,0.037289,0.603398,0.68927,0.748471
merged_site_adjusted,Merged,Frequentist no-cure lognormal,overall,survival,8,0.673871,95% CI,0.039209,0.582365,0.671751,0.734559
merged_site_adjusted,Merged,Frequentist no-cure lognormal,overall,survival,9,0.658031,95% CI,0.040925,0.563018,0.656056,0.721668
merged_site_adjusted,Merged,Frequentist no-cure lognormal,overall,survival,10,0.643617,95% CI,0.042468,0.545341,0.641953,0.709975
merged_site_adjusted,Merged,KM benchmark,overall,risk,1,0.09152,95% CI,NA,0.054164,NA,0.127401
merged_site_adjusted,Merged,KM benchmark,overall,risk,2,0.153427,95% CI,NA,0.103911,NA,0.200208
merged_site_adjusted,Merged,KM benchmark,overall,risk,3,0.198796,95% CI,NA,0.140715,NA,0.252951
merged_site_adjusted,Merged,KM benchmark,overall,risk,4,0.212736,95% CI,NA,0.15219,NA,0.268959
merged_site_adjusted,Merged,KM benchmark,overall,risk,5,0.239134,95% CI,NA,0.172764,NA,0.300179
merged_site_adjusted,Merged,KM benchmark,overall,risk,6,0.274226,95% CI,NA,0.192306,NA,0.347837
merged_site_adjusted,Merged,KM benchmark,overall,risk,7,0.274226,95% CI,NA,0.192306,NA,0.347837
merged_site_adjusted,Merged,KM benchmark,overall,risk,8,0.350623,95% CI,NA,0.216562,NA,0.461744
merged_site_adjusted,Merged,KM benchmark,overall,risk,9,0.350623,95% CI,NA,0.216562,NA,0.461744
merged_site_adjusted,Merged,KM benchmark,overall,risk,10,0.350623,95% CI,NA,0.216562,NA,0.461744
merged_site_adjusted,Merged,KM benchmark,overall,survival,1,0.90848,95% CI,NA,0.872599,NA,0.945836
merged_site_adjusted,Merged,KM benchmark,overall,survival,2,0.846573,95% CI,NA,0.799792,NA,0.896089
merged_site_adjusted,Merged,KM benchmark,overall,survival,3,0.801204,95% CI,NA,0.747049,NA,0.859285
merged_site_adjusted,Merged,KM benchmark,overall,survival,4,0.787264,95% CI,NA,0.731041,NA,0.84781
merged_site_adjusted,Merged,KM benchmark,overall,survival,5,0.760866,95% CI,NA,0.699821,NA,0.827236
merged_site_adjusted,Merged,KM benchmark,overall,survival,6,0.725774,95% CI,NA,0.652163,NA,0.807694
merged_site_adjusted,Merged,KM benchmark,overall,survival,7,0.725774,95% CI,NA,0.652163,NA,0.807694
merged_site_adjusted,Merged,KM benchmark,overall,survival,8,0.649377,95% CI,NA,0.538256,NA,0.783438
merged_site_adjusted,Merged,KM benchmark,overall,survival,9,0.649377,95% CI,NA,0.538256,NA,0.783438
merged_site_adjusted,Merged,KM benchmark,overall,survival,10,0.649377,95% CI,NA,0.538256,NA,0.783438
